"feature","metadata","value","coef","stderr","pval","name","qval","N","N.not.zero","Genus"
"s__CAISGS01 sp017418605","KidneyDisease","KidneyDisease",-1.03538095468053,0.295958342677719,0.000714014646408977,"KidneyDisease",0.102740670272593,101,101,"g__CAISGS01"
"s__Pseudomonas_E juntendi","Periodontitis","Periodontitis",3.71968801256452,1.04390754725967,0.000575053014969032,"Periodontitis",0.102740670272593,101,34,"g__Pseudomonas_E"
"s__Streptococcus agalactiae","KidneyDisease","KidneyDisease",3.17984530009708,0.97692575256724,0.00157203243182573,"KidneyDisease",0.119474464818755,101,48,"g__Streptococcus"
"g__Corynebacterium_HROM_Genome_0366","Diabetes","Diabetes",1.33516628657092,0.477393278764332,0.00624767814640544,"Diabetes",0.273610356763245,101,13,"g__Corynebacterium"
"s__Prevotella sp905372445","Periodontitis","Periodontitis",1.32420360745265,0.491585978774949,0.00835398944609561,"Periodontitis",0.273610356763245,101,15,"g__Prevotella"
"g__Streptococcus_HROM_Genome_2214","KidneyDisease","KidneyDisease",3.09514514029978,1.15421168881941,0.00864032705568142,"KidneyDisease",0.273610356763245,101,45,"g__Streptococcus"
"s__CAISGS01 sp017418605","Diabetes","Diabetes",-0.67647671709253,0.266067569111149,0.0126228211839001,"Diabetes",0.314482584603993,101,101,"g__CAISGS01"
"s__Sphingomonas sp017418975","KidneyDisease","KidneyDisease",3.20874114285695,1.28260936518305,0.0140689577322839,"KidneyDisease",0.314482584603993,101,38,"g__Sphingomonas"
"s__Ralstonia pickettii_B","KidneyDisease","KidneyDisease",-0.818435988111562,0.325118501007013,0.0134983073662616,"KidneyDisease",0.314482584603993,101,101,"g__Ralstonia"
"s__Bifidobacterium swidsinskii","KidneyDisease","KidneyDisease",3.18652928757536,1.31913355364803,0.0176208019371884,"KidneyDisease",0.352416038743767,101,43,"g__Bifidobacterium"
"s__Paraclostridium bifermentans","KidneyDisease","KidneyDisease",2.2197035569778,0.953151790019185,0.0219894680784833,"KidneyDisease",0.397904660467792,101,39,"g__Paraclostridium"
"s__Fannyhessea vaginae","Periodontitis","Periodontitis",2.46353413440237,1.07672254162368,0.0243554555622827,"Periodontitis",0.420685141530337,101,18,"g__Fannyhessea"
"s__Pseudomonas_E juntendi","KidneyDisease","KidneyDisease",-1.96168762427081,0.887536153205298,0.0294880062066288,"KidneyDisease",0.46084899800698,101,34,"g__Pseudomonas_E"
"s__Neisseria mucosa_A","KidneyDisease","KidneyDisease",0.620084572060015,0.290007920687527,0.0350692168935274,"KidneyDisease",0.512550093059246,101,11,"g__Neisseria"
"s__Prevotella melaninogenica","Diabetes","Diabetes",-0.927171592137357,0.452081565699115,0.0430309106242442,"Diabetes",0.527475678619767,101,12,"g__Prevotella"
"s__Streptococcus agalactiae","Periodontitis","Periodontitis",-2.36554285633618,1.14904633747508,0.0422604196544426,"Periodontitis",0.527475678619767,101,48,"g__Streptococcus"
"s__Sphingomonas echinoides","KidneyDisease","KidneyDisease",-0.838620359333346,0.400395017021292,0.0388787612649993,"KidneyDisease",0.527475678619767,101,101,"g__Sphingomonas"
"s__Escherichia coli","KidneyDisease","KidneyDisease",-1.97225925768625,0.947730031502506,0.0401212581932031,"KidneyDisease",0.527475678619767,101,39,"g__Escherichia"
"s__Pauljensenia sp000466265","KidneyDisease","KidneyDisease",0.747711984564822,0.368576473351493,0.0452930663880915,"KidneyDisease",0.537855163358586,101,11,"g__Pauljensenia"
"s__Pauljensenia sp000278725","KidneyDisease","KidneyDisease",0.60582720918986,0.324555581340464,0.065036742090362,"KidneyDisease",0.557377205802801,101,11,"g__Pauljensenia"
"s__Corynebacterium aurimucosum_E","Diabetes","Diabetes",1.30343096859929,0.723159914722883,0.0746520181507548,"Diabetes",0.557377205802801,101,14,"g__Corynebacterium"
"s__Alloprevotella sp015257125","KidneyDisease","KidneyDisease",-1.16042119230799,0.594212647971214,0.053777730060651,"KidneyDisease",0.557377205802801,101,93,"g__Alloprevotella"
"s__Alloprevotella sp015259235","Diabetes","Diabetes",0.700233551192678,0.383616717435176,0.0710908265401274,"Diabetes",0.557377205802801,101,20,"g__Alloprevotella"
"s__Prevotella aurantiaca","Periodontitis","Periodontitis",-1.04630496501225,0.555615578337668,0.0627400096915026,"Periodontitis",0.557377205802801,101,21,"g__Prevotella"
"s__Prevotella nanceiensis","Periodontitis","Periodontitis",1.81239367021705,0.954803439619347,0.0607074038097798,"Periodontitis",0.557377205802801,101,71,"g__Prevotella"
"s__Brevundimonas sp002434505","Diabetes","Diabetes",-1.02132810046626,0.562457742456032,0.0725507675593008,"Diabetes",0.557377205802801,101,86,"g__Brevundimonas"
"s__Ralstonia pickettii_B","Diabetes","Diabetes",-0.52652967701592,0.292282651853453,0.0748058881472181,"Diabetes",0.557377205802801,101,101,"g__Ralstonia"
"g__Neisseria_HROM_Genome_4825","Periodontitis","Periodontitis",-1.67130075134046,0.865799807810055,0.0565452792974213,"Periodontitis",0.557377205802801,101,26,"g__Neisseria"
"g__Neisseria_HROM_Genome_4825","KidneyDisease","KidneyDisease",1.39689094883295,0.736107936844411,0.06077591141681,"KidneyDisease",0.557377205802801,101,26,"g__Neisseria"
"s__Neisseria elongata","KidneyDisease","KidneyDisease",0.972120561799005,0.531127037774077,0.0703409993031645,"KidneyDisease",0.557377205802801,101,19,"g__Neisseria"
"s__Neisseria sp000090875","KidneyDisease","KidneyDisease",0.846614403235683,0.469098324141008,0.074279018756947,"KidneyDisease",0.557377205802801,101,11,"g__Neisseria"
"g__Prevotella_HROM_Genome_0987","Periodontitis","Periodontitis",-0.792760029277551,0.452733424847012,0.0831646541145865,"Periodontitis",0.576268585295492,101,12,"g__Prevotella"
"s__Prevotella shahii","Diabetes","Diabetes",0.979957969873769,0.559671778627683,0.0831822168360387,"Diabetes",0.576268585295492,101,36,"g__Prevotella"
"s__Acinetobacter baumannii","Periodontitis","Periodontitis",-1.51834367527312,0.874195144523705,0.0856554157067732,"Periodontitis",0.576268585295492,101,32,"g__Acinetobacter"
"s__Cutibacterium modestum","KidneyDisease","KidneyDisease",0.792636208490107,0.465529493401304,0.0919025503537886,"KidneyDisease",0.582049485573995,101,12,"g__Cutibacterium"
"s__Brevundimonas sp002434505","KidneyDisease","KidneyDisease",-1.05495671055332,0.625645815608586,0.0950411895231974,"KidneyDisease",0.592059869160902,101,86,"g__Brevundimonas"
"s__Anaeroglobus micronuciformis","KidneyDisease","KidneyDisease",0.429925027413637,0.262115791729388,0.104268633370399,"KidneyDisease",0.628065688486554,101,11,"g__Anaeroglobus"
"s__Pseudomonas_E juntendi","Diabetes","Diabetes",1.3056090987542,0.797898057696387,0.10508344010735,"Diabetes",0.628065688486554,101,34,"g__Pseudomonas_E"
"s__Neisseria elongata","Diabetes","Diabetes",0.758775925156565,0.477485035735716,0.115358376030561,"Diabetes",0.660113026878868,101,19,"g__Neisseria"
"g__Corynebacterium_HROM_Genome_0366","KidneyDisease","KidneyDisease",0.808396677506485,0.531024972568345,0.1312475563299,"KidneyDisease",0.667036299552616,101,13,"g__Corynebacterium"
"s__Cutibacterium acnes","Diabetes","Diabetes",-0.757221933403362,0.501376998938468,0.134289917646846,"Diabetes",0.667036299552616,101,99,"g__Cutibacterium"
"s__Prevotella nanceiensis","KidneyDisease","KidneyDisease",-1.22714415800561,0.811779332462427,0.1339367422742,"KidneyDisease",0.667036299552616,101,71,"g__Prevotella"
"s__Lactobacillus gasseri","KidneyDisease","KidneyDisease",2.25347228166971,1.44666835131372,0.122630144882337,"KidneyDisease",0.667036299552616,101,54,"g__Lactobacillus"
"g__Streptococcus_HROM_Genome_2214","Diabetes","Diabetes",1.59010548909858,1.03764028243078,0.128741187961434,"Diabetes",0.667036299552616,101,45,"g__Streptococcus"
"g__Cupriavidus_HROM_Genome_4891","Diabetes","Diabetes",1.43582074447936,0.922122602206106,0.122776225546993,"Diabetes",0.667036299552616,101,28,"g__Cupriavidus"
"g__Corynebacterium_HROM_Genome_0366","Periodontitis","Periodontitis",-0.915241446987473,0.624584108090104,0.146124251598815,"Periodontitis",0.6797686897214,101,13,"g__Corynebacterium"
"g__Streptococcus_HROM_Genome_2214","Periodontitis","Periodontitis",-2.00290052185638,1.35756756357756,0.143422540253165,"Periodontitis",0.6797686897214,101,45,"g__Streptococcus"
"s__Neisseria sicca_A","KidneyDisease","KidneyDisease",0.569448587874212,0.389050883558892,0.146580639645713,"KidneyDisease",0.6797686897214,101,11,"g__Neisseria"
"s__Pseudomonas aeruginosa","Diabetes","Diabetes",1.56141636936971,1.06705347325433,0.146686927781986,"Diabetes",0.6797686897214,101,35,"g__Pseudomonas"
"s__Prevotella melaninogenica_A","KidneyDisease","KidneyDisease",0.499427749286359,0.352600089483558,0.159924980242239,"KidneyDisease",0.714958735200597,101,11,"g__Prevotella"
"s__Prevotella salivae","KidneyDisease","KidneyDisease",0.308395815367382,0.230552971442696,0.184208863420371,"KidneyDisease",0.757500413174127,101,14,"g__Prevotella"
"s__Paraclostridium bifermentans","Diabetes","Diabetes",1.1540700968874,0.856886741119858,0.181243211695531,"Diabetes",0.757500413174127,101,39,"g__Paraclostridium"
"s__Acidovorax_A wautersii","KidneyDisease","KidneyDisease",1.48740779580249,1.11319446600045,0.184688222135222,"KidneyDisease",0.757500413174127,101,31,"g__Acidovorax_A"
"s__Moraxella_A cinereus","KidneyDisease","KidneyDisease",-1.42005237687463,1.06033756914462,0.183686191572506,"KidneyDisease",0.757500413174127,101,88,"g__Moraxella_A"
"s__Kocuria palustris","KidneyDisease","KidneyDisease",0.663964409141006,0.523686873764931,0.207944692865008,"KidneyDisease",0.767767101157024,101,13,"g__Kocuria"
"s__Micrococcus luteus","Periodontitis","Periodontitis",-1.51997589079246,1.17315056976886,0.19824028288619,"Periodontitis",0.767767101157024,101,43,"g__Micrococcus"
"s__Prevotella melaninogenica","KidneyDisease","KidneyDisease",0.64674774453611,0.502869670987842,0.201529041411411,"KidneyDisease",0.767767101157024,101,12,"g__Prevotella"
"s__Lactobacillus gasseri","Diabetes","Diabetes",-1.66069728599012,1.30055982900005,0.204746462439249,"Diabetes",0.767767101157024,101,54,"g__Lactobacillus"
"s__Acinetobacter junii","Periodontitis","Periodontitis",-0.47723961165245,0.379926006099331,0.212146172688125,"Periodontitis",0.767767101157024,101,14,"g__Acinetobacter"
"s__Acinetobacter junii","Diabetes","Diabetes",-0.370505512943234,0.290391829363407,0.205108225571689,"Diabetes",0.767767101157024,101,14,"g__Acinetobacter"
"s__Bifidobacterium piotii","Diabetes","Diabetes",0.708384919064274,0.589140232866476,0.232195251078022,"Diabetes",0.784281671931916,101,19,"g__Bifidobacterium"
"s__Cutibacterium acnes","Periodontitis","Periodontitis",-0.782874903994832,0.655962535772242,0.235655308592814,"Periodontitis",0.784281671931916,101,99,"g__Cutibacterium"
"g__Alloprevotella_HROM_Genome_1059","Diabetes","Diabetes",-0.467662382174133,0.390764899869491,0.234367644330881,"Diabetes",0.784281671931916,101,15,"g__Alloprevotella"
"s__Prevotella sp905372445","KidneyDisease","KidneyDisease",-0.497720944148222,0.417949204138718,0.236673741117385,"KidneyDisease",0.784281671931916,101,15,"g__Prevotella"
"s__Klebsiella aerogenes","KidneyDisease","KidneyDisease",-0.334976065186232,0.284510437326804,0.241986323528945,"KidneyDisease",0.787524974854978,101,11,"g__Klebsiella"
"s__Neisseria subflava_C","Periodontitis","Periodontitis",-0.770764304072428,0.66203891638227,0.247247051473466,"Periodontitis",0.789666469385518,101,27,"g__Neisseria"
"s__Corynebacterium aurimucosum_E","KidneyDisease","KidneyDisease",0.826515643538597,0.804401718583511,0.306798320880919,"KidneyDisease",0.800984199931619,101,14,"g__Corynebacterium"
"s__Cutibacterium modestum","Periodontitis","Periodontitis",-0.579499181751399,0.547549246167079,0.292579214607252,"Periodontitis",0.800984199931619,101,12,"g__Cutibacterium"
"s__Cutibacterium modestum","Diabetes","Diabetes",-0.438689622169471,0.418512617479103,0.297200774080665,"Diabetes",0.800984199931619,101,12,"g__Cutibacterium"
"g__Prevotella_HROM_Genome_1010","Diabetes","Diabetes",0.453579485689763,0.445527610126537,0.311229172742088,"Diabetes",0.800984199931619,101,13,"g__Prevotella"
"s__Prevotella intermedia","KidneyDisease","KidneyDisease",0.786785665441784,0.709973118624883,0.270577223412923,"KidneyDisease",0.800984199931619,101,15,"g__Prevotella"
"s__Prevotella sp013333285","Periodontitis","Periodontitis",0.49478237948119,0.48673994817525,0.311962267341788,"Periodontitis",0.800984199931619,101,12,"g__Prevotella"
"s__Lactobacillus iners","Diabetes","Diabetes",0.866249536107499,0.833580798511196,0.301353669689968,"Diabetes",0.800984199931619,101,21,"g__Lactobacillus"
"s__Sphingobium yanoikuyae","Periodontitis","Periodontitis",-1.06249800856328,0.938059880305235,0.260209886767657,"Periodontitis",0.800984199931619,101,26,"g__Sphingobium"
"s__Sphingomonas echinoides","Diabetes","Diabetes",-0.376825537254006,0.359956498942419,0.297818494253433,"Diabetes",0.800984199931619,101,101,"g__Sphingomonas"
"s__Neisseria sicca_A","Diabetes","Diabetes",0.398390563818252,0.349758083899596,0.257548017186891,"Diabetes",0.800984199931619,101,11,"g__Neisseria"
"s__Neisseria subflava","Diabetes","Diabetes",0.765898610411677,0.74122108261464,0.30409007546443,"Diabetes",0.800984199931619,101,41,"g__Neisseria"
"s__Neisseria subflava_C","Diabetes","Diabetes",0.540126813252136,0.506021406672939,0.28849663643939,"Diabetes",0.800984199931619,101,27,"g__Neisseria"
"s__Stenotrophomonas maltophilia","Diabetes","Diabetes",0.762290720322438,0.734995903100359,0.302305159845653,"Diabetes",0.800984199931619,101,15,"g__Stenotrophomonas"
"g__Alloprevotella_HROM_Genome_1059","KidneyDisease","KidneyDisease",-0.428967637960354,0.434664519724637,0.326201690982797,"KidneyDisease",0.805579254260081,101,15,"g__Alloprevotella"
"s__Alloprevotella sp015257125","Periodontitis","Periodontitis",0.701502739034492,0.698904563666623,0.318064556547617,"Periodontitis",0.805579254260081,101,93,"g__Alloprevotella"
"s__Agrobacterium pusense","Diabetes","Diabetes",-0.429939813501034,0.432241516045949,0.322421181965579,"Diabetes",0.805579254260081,101,21,"g__Agrobacterium"
"s__Neisseria flavescens","KidneyDisease","KidneyDisease",0.403777638094498,0.405505451569754,0.32190643893772,"KidneyDisease",0.805579254260081,101,25,"g__Neisseria"
"s__Acinetobacter johnsonii","KidneyDisease","KidneyDisease",1.0217317686418,1.03588153360239,0.326471592515927,"KidneyDisease",0.805579254260081,101,36,"g__Acinetobacter"
"s__Klebsiella pneumoniae","KidneyDisease","KidneyDisease",0.584904194804914,0.607668964765497,0.338223304441166,"KidneyDisease",0.813448453719259,101,14,"g__Klebsiella"
"s__Neisseria subflava","Periodontitis","Periodontitis",0.902602717997732,0.969755816380035,0.354340788129332,"Periodontitis",0.823179425267113,101,41,"g__Neisseria"
"s__Achromobacter xylosoxidans","Diabetes","Diabetes",0.713700440602772,0.782402228241388,0.363977101158673,"Diabetes",0.833200593013829,101,58,"g__Achromobacter"
"s__Prevotella sp013333285","KidneyDisease","KidneyDisease",0.372960402104211,0.413829081271457,0.369738502129603,"KidneyDisease",0.841321142570355,101,12,"g__Prevotella"
"s__Prevotella aurantiaca","Diabetes","Diabetes",0.378102303024477,0.424678020525131,0.375539532432125,"Diabetes",0.849434656691712,101,21,"g__Prevotella"
"s__Acinetobacter junii","KidneyDisease","KidneyDisease",0.278436254002749,0.323015258239316,0.39086311177996,"KidneyDisease",0.868584692844356,101,14,"g__Acinetobacter"
"s__Alloprevotella sp015257125","Diabetes","Diabetes",-0.433367503415702,0.53419921651934,0.419251714210727,"Diabetes",0.875360721978441,101,93,"g__Alloprevotella"
"g__Prevotella_HROM_Genome_0987","KidneyDisease","KidneyDisease",0.322162084710759,0.384916541096936,0.404712163707621,"KidneyDisease",0.875360721978441,101,12,"g__Prevotella"
"s__Prevotella histicola","KidneyDisease","KidneyDisease",0.580371683065089,0.682157429672281,0.397026201372031,"KidneyDisease",0.875360721978441,101,22,"g__Prevotella"
"s__Prevotella intermedia","Periodontitis","Periodontitis",-0.69801428738598,0.835060401998702,0.405317200240937,"Periodontitis",0.875360721978441,101,15,"g__Prevotella"
"s__Acidovorax_A wautersii","Periodontitis","Periodontitis",-1.08301928056149,1.30932368267905,0.410219647573982,"Periodontitis",0.875360721978441,101,31,"g__Acidovorax_A"
"s__Burkholderia contaminans","Periodontitis","Periodontitis",-0.794922672606961,0.959911153615286,0.409677519684758,"Periodontitis",0.875360721978441,101,29,"g__Burkholderia"
"s__Escherichia coli","Periodontitis","Periodontitis",0.911103953480531,1.11470674076446,0.415774408588173,"Periodontitis",0.875360721978441,101,39,"g__Escherichia"
"s__Acinetobacter baumannii","KidneyDisease","KidneyDisease",-0.618956680568629,0.743245700022056,0.407060172651277,"KidneyDisease",0.875360721978441,101,32,"g__Acinetobacter"
"s__Moraxella_A cinereus","Diabetes","Diabetes",-0.791560988742065,0.953247125615738,0.408403788802598,"Diabetes",0.875360721978441,101,88,"g__Moraxella_A"
"s__Stenotrophomonas maltophilia","Periodontitis","Periodontitis",0.780878108078715,0.961611277343599,0.418792091330905,"Periodontitis",0.875360721978441,101,15,"g__Stenotrophomonas"
"s__Bifidobacterium piotii","Periodontitis","Periodontitis",0.618065606056611,0.77078510161965,0.424632292452064,"Periodontitis",0.881750115474231,101,19,"g__Bifidobacterium"
"s__Alloprevotella sp905369775","Diabetes","Diabetes",0.50452545148886,0.636851034761286,0.430206854169653,"Diabetes",0.8884706770895,101,49,"g__Alloprevotella"
"s__Bifidobacterium swidsinskii","Diabetes","Diabetes",-0.913767407366844,1.18590560677073,0.442901796659433,"Diabetes",0.907305649826281,101,43,"g__Bifidobacterium"
"s__Rothia dentocariosa","KidneyDisease","KidneyDisease",0.449630148417141,0.585082497779626,0.444102239125496,"KidneyDisease",0.907305649826281,101,12,"g__Rothia"
"s__Bifidobacterium piotii","KidneyDisease","KidneyDisease",0.466915331669349,0.655325891488447,0.477905637182413,"KidneyDisease",0.921848437204654,101,19,"g__Bifidobacterium"
"s__Lawsonella sp018376445","Periodontitis","Periodontitis",-0.832173748067871,1.14169356955287,0.467859549554526,"Periodontitis",0.921848437204654,101,24,"g__Lawsonella"
"s__Prevotella jejuni","KidneyDisease","KidneyDisease",0.342243582429482,0.462854963662376,0.461476025800894,"KidneyDisease",0.921848437204654,101,16,"g__Prevotella"
"s__Prevotella melaninogenica_A","Diabetes","Diabetes",0.22687685882353,0.316988694518483,0.47591645209554,"Diabetes",0.921848437204654,101,11,"g__Prevotella"
"s__Porphyromonas endodontalis","Diabetes","Diabetes",0.393615144032099,0.52842007578243,0.45817668591127,"Diabetes",0.921848437204654,101,13,"g__Porphyromonas"
"s__Rothia dentocariosa","Diabetes","Diabetes",-0.361166348961944,0.525991180060166,0.493982522367881,"Diabetes",0.926566813321739,101,12,"g__Rothia"
"s__Prevotella histicola","Periodontitis","Periodontitis",-0.54284440108515,0.802343979659192,0.500320823505374,"Periodontitis",0.926566813321739,101,22,"g__Prevotella"
"s__Prevotella salivae","Periodontitis","Periodontitis",-0.185536639189704,0.271173164116168,0.495514660558241,"Periodontitis",0.926566813321739,101,14,"g__Prevotella"
"s__Prevotella timonensis","Diabetes","Diabetes",0.569654381603379,0.855746089510898,0.507227776318908,"Diabetes",0.926566813321739,101,24,"g__Prevotella"
"s__Porphyromonas endodontalis","KidneyDisease","KidneyDisease",0.371447917088635,0.587784262428733,0.52894002582604,"KidneyDisease",0.926566813321739,101,13,"g__Porphyromonas"
"s__Porphyromonas pasteri","Diabetes","Diabetes",0.609140413809625,0.906141734315002,0.503065638300867,"Diabetes",0.926566813321739,101,90,"g__Porphyromonas"
"s__Lactobacillus iners","KidneyDisease","KidneyDisease",-0.630224770354515,0.927227592748378,0.498355369447816,"KidneyDisease",0.926566813321739,101,21,"g__Lactobacillus"
"s__CAISGS01 sp017418605","Periodontitis","Periodontitis",0.223696848719869,0.348102042356205,0.522019516337084,"Periodontitis",0.926566813321739,101,101,"g__CAISGS01"
"s__Acidovorax_A wautersii","Diabetes","Diabetes",-0.653996515009159,1.00076565788602,0.515015078358853,"Diabetes",0.926566813321739,101,31,"g__Acidovorax_A"
"s__Comamonas tsuruhatensis","KidneyDisease","KidneyDisease",-0.608008167292768,0.912009421939999,0.506599658426794,"KidneyDisease",0.926566813321739,101,94,"g__Comamonas"
"g__Neisseria_HROM_Genome_4837","Diabetes","Diabetes",0.32522589687051,0.513563018140547,0.528076594066823,"Diabetes",0.926566813321739,101,28,"g__Neisseria"
"s__Neisseria sp000186165","KidneyDisease","KidneyDisease",0.619920763957254,0.968783178047228,0.523780261332448,"KidneyDisease",0.926566813321739,101,53,"g__Neisseria"
"s__Neisseria subflava_C","KidneyDisease","KidneyDisease",0.3592457043404,0.562869264295074,0.524853006103706,"KidneyDisease",0.926566813321739,101,27,"g__Neisseria"
"s__Pauljensenia sp000278725","Diabetes","Diabetes",-0.151929721730174,0.291776585134979,0.603783362351707,"Diabetes",0.927352145723264,101,11,"g__Pauljensenia"
"s__Bifidobacterium swidsinskii","Periodontitis","Periodontitis",0.817022240774759,1.55154634267401,0.599708627105075,"Periodontitis",0.927352145723264,101,43,"g__Bifidobacterium"
"s__Corynebacterium argentoratense","Periodontitis","Periodontitis",0.222708044217975,0.368107677535766,0.546616230333582,"Periodontitis",0.927352145723264,101,12,"g__Corynebacterium"
"s__Lawsonella sp018376445","Diabetes","Diabetes",0.510121726386955,0.872639616431561,0.560220473642164,"Diabetes",0.927352145723264,101,24,"g__Lawsonella"
"s__Alloprevotella sp015259235","Periodontitis","Periodontitis",0.270063385704894,0.501894173977223,0.591774525618777,"Periodontitis",0.927352145723264,101,20,"g__Alloprevotella"
"s__Alloprevotella sp900095835","KidneyDisease","KidneyDisease",0.506288977642341,0.83870047439605,0.547509175697567,"KidneyDisease",0.927352145723264,101,45,"g__Alloprevotella"
"s__Prevotella pallens","Periodontitis","Periodontitis",0.536195202937426,1.03599633348746,0.605965073810424,"Periodontitis",0.927352145723264,101,76,"g__Prevotella"
"s__Prevotella pallens","KidneyDisease","KidneyDisease",0.500997563979311,0.880809994114868,0.57083962450527,"KidneyDisease",0.927352145723264,101,76,"g__Prevotella"
"s__Prevotella salivae","Diabetes","Diabetes",-0.106769642371413,0.207267915167064,0.607659695487086,"Diabetes",0.927352145723264,101,14,"g__Prevotella"
"s__Prevotella shahii","KidneyDisease","KidneyDisease",-0.386894877951785,0.622546868825434,0.535778184138224,"KidneyDisease",0.927352145723264,101,36,"g__Prevotella"
"s__Prevotella sp013333285","Diabetes","Diabetes",-0.192942436014427,0.372033768959492,0.605234903239992,"Diabetes",0.927352145723264,101,12,"g__Prevotella"
"s__Porphyromonas pasteri","Periodontitis","Periodontitis",0.727340767649274,1.18552512594076,0.541000231542808,"Periodontitis",0.927352145723264,101,90,"g__Porphyromonas"
"s__Lactobacillus crispatus","Periodontitis","Periodontitis",0.432424220061757,0.770865483430098,0.576145978749633,"Periodontitis",0.927352145723264,101,15,"g__Lactobacillus"
"s__Agrobacterium pusense","KidneyDisease","KidneyDisease",-0.286016515996301,0.48080073476382,0.553341063987228,"KidneyDisease",0.927352145723264,101,21,"g__Agrobacterium"
"s__Sphingobium yanoikuyae","Diabetes","Diabetes",-0.389115526453,0.716994678756042,0.588604919322565,"Diabetes",0.927352145723264,101,26,"g__Sphingobium"
"s__Sphingobium yanoikuyae","KidneyDisease","KidneyDisease",0.434243204739095,0.797543862795002,0.587389981968775,"KidneyDisease",0.927352145723264,101,26,"g__Sphingobium"
"s__Burkholderia contaminans","KidneyDisease","KidneyDisease",-0.432529314131919,0.816121940046335,0.597361455844917,"KidneyDisease",0.927352145723264,101,29,"g__Burkholderia"
"g__Cupriavidus_HROM_Genome_4891","KidneyDisease","KidneyDisease",0.535823450181728,1.02571642987642,0.60261525696237,"KidneyDisease",0.927352145723264,101,28,"g__Cupriavidus"
"g__Neisseria_HROM_Genome_4837","KidneyDisease","KidneyDisease",-0.302058193821,0.571258121450904,0.598205471805918,"KidneyDisease",0.927352145723264,101,28,"g__Neisseria"
"s__Neisseria flavescens","Diabetes","Diabetes",0.213638396499541,0.364550797197735,0.55924384911597,"Diabetes",0.927352145723264,101,25,"g__Neisseria"
"s__Neisseria mucosa_A","Diabetes","Diabetes",0.137031717351239,0.260718119253471,0.600395442351854,"Diabetes",0.927352145723264,101,11,"g__Neisseria"
"s__Neisseria sicca_A","Periodontitis","Periodontitis",-0.282366931515849,0.457596180334105,0.538667492711612,"Periodontitis",0.927352145723264,101,11,"g__Neisseria"
"s__Neisseria subflava","KidneyDisease","KidneyDisease",0.429075394287258,0.824491928502464,0.60398727981501,"KidneyDisease",0.927352145723264,101,41,"g__Neisseria"
"s__Klebsiella pneumoniae","Diabetes","Diabetes",-0.302732786447313,0.546296491650196,0.580775096134869,"Diabetes",0.927352145723264,101,14,"g__Klebsiella"
"s__Acinetobacter baumannii","Diabetes","Diabetes",-0.346447419427217,0.668180443463709,0.605319380632302,"Diabetes",0.927352145723264,101,32,"g__Acinetobacter"
"s__Prevotella nanceiensis","Diabetes","Diabetes",-0.369094758062086,0.729792415002632,0.614201524499304,"Diabetes",0.929786925275126,101,71,"g__Prevotella"
"s__Porphyromonas gingivalis","Diabetes","Diabetes",0.228898197768347,0.454278613751885,0.615517953322514,"Diabetes",0.929786925275126,101,14,"g__Porphyromonas"
"s__Agrobacterium pusense","Periodontitis","Periodontitis",-0.282101863612391,0.565511065589061,0.619042347617386,"Periodontitis",0.929786925275126,101,21,"g__Agrobacterium"
"s__Streptococcus agalactiae","Diabetes","Diabetes",0.43001229088063,0.878259615309076,0.625532469999473,"Diabetes",0.935835978739369,101,48,"g__Streptococcus"
"s__Escherichia coli","Diabetes","Diabetes",0.410168861912042,0.852012561545162,0.631330942881496,"Diabetes",0.937029335186238,101,39,"g__Escherichia"
"s__Prevotella jejuni","Diabetes","Diabetes",-0.195158583482706,0.416108206034865,0.640137597598009,"Diabetes",0.939198019641867,101,16,"g__Prevotella"
"s__Anaeroglobus micronuciformis","Periodontitis","Periodontitis",-0.144913864267595,0.308296909657221,0.639399099134986,"Periodontitis",0.939198019641867,101,11,"g__Anaeroglobus"
"s__Pauljensenia sp000278725","Periodontitis","Periodontitis",0.0935465105086592,0.381737712478501,0.806942869206678,"Periodontitis",0.958095468544575,101,11,"g__Pauljensenia"
"s__Pauljensenia sp000466265","Periodontitis","Periodontitis",0.115107107531554,0.433514466857978,0.791183627486485,"Periodontitis",0.958095468544575,101,11,"g__Pauljensenia"
"s__Pauljensenia sp000466265","Diabetes","Diabetes",0.0932308407536806,0.331351518625647,0.779042122971023,"Diabetes",0.958095468544575,101,11,"g__Pauljensenia"
"s__Micrococcus luteus","KidneyDisease","KidneyDisease",0.24118272772207,0.997419308401898,0.80945110135074,"KidneyDisease",0.958095468544575,101,43,"g__Micrococcus"
"s__Rothia dentocariosa","Periodontitis","Periodontitis",0.142955705240578,0.688165809354259,0.835881040938221,"Periodontitis",0.958095468544575,101,12,"g__Rothia"
"s__Corynebacterium argentoratense","Diabetes","Diabetes",-0.0856117736548983,0.281358633434476,0.76158018313824,"Diabetes",0.958095468544575,101,12,"g__Corynebacterium"
"s__Corynebacterium argentoratense","KidneyDisease","KidneyDisease",0.130832518784125,0.312967247859319,0.676862017165626,"KidneyDisease",0.958095468544575,101,12,"g__Corynebacterium"
"s__Alloprevotella sp900095835","Diabetes","Diabetes",0.303382747143414,0.753994614295845,0.688317685421051,"Diabetes",0.958095468544575,101,45,"g__Alloprevotella"
"s__Alloprevotella sp905369775","Periodontitis","Periodontitis",0.233046089780206,0.833206191260597,0.7803173006736,"Periodontitis",0.958095468544575,101,49,"g__Alloprevotella"
"s__Alloprevotella sp905369775","KidneyDisease","KidneyDisease",-0.172588903595707,0.708396658075239,0.808040298979625,"KidneyDisease",0.958095468544575,101,49,"g__Alloprevotella"
"g__Prevotella_HROM_Genome_1010","Periodontitis","Periodontitis",-0.204654192658025,0.58289355417961,0.726290425999772,"Periodontitis",0.958095468544575,101,13,"g__Prevotella"
"s__Prevotella aurantiaca","KidneyDisease","KidneyDisease",0.116104093211348,0.472387535039142,0.806381637549122,"KidneyDisease",0.958095468544575,101,21,"g__Prevotella"
"s__Prevotella histicola","Diabetes","Diabetes",0.195329841533298,0.613261878080105,0.750797535568211,"Diabetes",0.958095468544575,101,22,"g__Prevotella"
"s__Prevotella intermedia","Diabetes","Diabetes",-0.1610174173021,0.638268278223485,0.801375582369471,"Diabetes",0.958095468544575,101,15,"g__Prevotella"
"s__Prevotella melaninogenica","Periodontitis","Periodontitis",0.151556875432183,0.591468238151609,0.798320814329743,"Periodontitis",0.958095468544575,101,12,"g__Prevotella"
"s__Prevotella melaninogenica_A","Periodontitis","Periodontitis",-0.146450914674899,0.414723268733345,0.724773915785243,"Periodontitis",0.958095468544575,101,11,"g__Prevotella"
"s__Prevotella sp905372445","Diabetes","Diabetes",-0.0789266476990611,0.375737773603568,0.834072416999854,"Diabetes",0.958095468544575,101,15,"g__Prevotella"
"s__Porphyromonas endodontalis","Periodontitis","Periodontitis",-0.142557772185313,0.691343586955697,0.837072883044207,"Periodontitis",0.958095468544575,101,13,"g__Porphyromonas"
"s__Porphyromonas gingivalis","Periodontitis","Periodontitis",0.182727524189395,0.59434268435668,0.759177866253436,"Periodontitis",0.958095468544575,101,14,"g__Porphyromonas"
"s__Porphyromonas gingivalis","KidneyDisease","KidneyDisease",0.21003526685435,0.505313541552952,0.67860106552975,"KidneyDisease",0.958095468544575,101,14,"g__Porphyromonas"
"s__Porphyromonas pasteri","KidneyDisease","KidneyDisease",-0.25112233586865,1.00794022666833,0.80378720571741,"KidneyDisease",0.958095468544575,101,90,"g__Porphyromonas"
"s__Lactobacillus crispatus","KidneyDisease","KidneyDisease",0.212863173497024,0.655394232562348,0.746056816090286,"KidneyDisease",0.958095468544575,101,15,"g__Lactobacillus"
"s__Lactobacillus gasseri","Periodontitis","Periodontitis",-0.42993327269125,1.70155097892532,0.801068056826863,"Periodontitis",0.958095468544575,101,54,"g__Lactobacillus"
"s__Lactobacillus iners","Periodontitis","Periodontitis",-0.336071440316163,1.09059206050567,0.758639015644696,"Periodontitis",0.958095468544575,101,21,"g__Lactobacillus"
"s__Paraclostridium bifermentans","Periodontitis","Periodontitis",-0.259478541432593,1.12108373691785,0.817460447127471,"Periodontitis",0.958095468544575,101,39,"g__Paraclostridium"
"s__Brevundimonas sp002434505","Periodontitis","Periodontitis",-0.205104695478358,0.735875813584079,0.781064074948885,"Periodontitis",0.958095468544575,101,86,"g__Brevundimonas"
"s__Sphingomonas echinoides","Periodontitis","Periodontitis",0.108563009702426,0.470938990647525,0.81817987141244,"Periodontitis",0.958095468544575,101,101,"g__Sphingomonas"
"s__Sphingomonas sp017418975","Periodontitis","Periodontitis",-0.490465781675916,1.50858710562386,0.745808202313053,"Periodontitis",0.958095468544575,101,38,"g__Sphingomonas"
"s__Sphingomonas sp017418975","Diabetes","Diabetes",-0.485430540083155,1.15307023558062,0.674713601736607,"Diabetes",0.958095468544575,101,38,"g__Sphingomonas"
"s__Achromobacter xylosoxidans","KidneyDisease","KidneyDisease",-0.281804702192738,0.870299479005436,0.746799726475756,"KidneyDisease",0.958095468544575,101,58,"g__Achromobacter"
"s__Burkholderia contaminans","Diabetes","Diabetes",0.211531931657814,0.733696434173034,0.773737642197754,"Diabetes",0.958095468544575,101,29,"g__Burkholderia"
"s__Comamonas tsuruhatensis","Periodontitis","Periodontitis",-0.34766090057977,1.07269266192345,0.746573963193693,"Periodontitis",0.958095468544575,101,94,"g__Comamonas"
"s__Comamonas tsuruhatensis","Diabetes","Diabetes",-0.237021711112939,0.819899610555251,0.773145277214279,"Diabetes",0.958095468544575,101,94,"g__Comamonas"
"g__Cupriavidus_HROM_Genome_4891","Periodontitis","Periodontitis",-0.282277754152865,1.20643324627313,0.815506241302773,"Periodontitis",0.958095468544575,101,28,"g__Cupriavidus"
"g__Neisseria_HROM_Genome_4825","Diabetes","Diabetes",0.144596050366968,0.661763569790257,0.827507425561922,"Diabetes",0.958095468544575,101,26,"g__Neisseria"
"s__Neisseria elongata","Periodontitis","Periodontitis",-0.199263026204663,0.62470415575035,0.750448153278372,"Periodontitis",0.958095468544575,101,19,"g__Neisseria"
"s__Neisseria flavescens","Periodontitis","Periodontitis",-0.130600094482619,0.476949811925789,0.784814693620492,"Periodontitis",0.958095468544575,101,25,"g__Neisseria"
"s__Neisseria sp000186165","Periodontitis","Periodontitis",0.404762572041381,1.13946915578522,0.723212010967489,"Periodontitis",0.958095468544575,101,53,"g__Neisseria"
"s__Klebsiella aerogenes","Periodontitis","Periodontitis",-0.0903753894563831,0.334637177006241,0.787692379987488,"Periodontitis",0.958095468544575,101,11,"g__Klebsiella"
"s__Klebsiella aerogenes","Diabetes","Diabetes",-0.107216489621711,0.255775862783245,0.676029865758881,"Diabetes",0.958095468544575,101,11,"g__Klebsiella"
"s__Klebsiella pneumoniae","Periodontitis","Periodontitis",-0.292918574155381,0.714731694323936,0.682853256042873,"Periodontitis",0.958095468544575,101,14,"g__Klebsiella"
"s__Acinetobacter johnsonii","Periodontitis","Periodontitis",0.300082671442171,1.21838929838424,0.805985597216089,"Periodontitis",0.958095468544575,101,36,"g__Acinetobacter"
"s__Acinetobacter johnsonii","Diabetes","Diabetes",-0.276193576697414,0.931261065456242,0.767434472010354,"Diabetes",0.958095468544575,101,36,"g__Acinetobacter"
"s__Moraxella_A cinereus","Periodontitis","Periodontitis",-0.260874844707199,1.24715414360929,0.834758652958781,"Periodontitis",0.958095468544575,101,88,"g__Moraxella_A"
"s__Pseudomonas aeruginosa","Periodontitis","Periodontitis",0.572165287108632,1.3960494869179,0.682841650068652,"Periodontitis",0.958095468544575,101,35,"g__Pseudomonas"
"s__Stenotrophomonas maltophilia","KidneyDisease","KidneyDisease",-0.283799209168539,0.817567394941035,0.729264185642353,"KidneyDisease",0.958095468544575,101,15,"g__Stenotrophomonas"
"s__Ralstonia pickettii_B","Periodontitis","Periodontitis",0.0764111991760552,0.382399810677306,0.842048321360983,"Periodontitis",0.959892355290674,101,101,"g__Ralstonia"
"g__Prevotella_HROM_Genome_0987","Diabetes","Diabetes",0.0623417362181786,0.346041295790928,0.857413114528406,"Diabetes",0.969693403335698,101,12,"g__Prevotella"
"g__Alloprevotella_HROM_Genome_1059","Periodontitis","Periodontitis",-0.0811793499755767,0.511246297999074,0.874173633083897,"Periodontitis",0.969880683357322,101,15,"g__Alloprevotella"
"s__Lactobacillus crispatus","Diabetes","Diabetes",0.0939295636665531,0.589201671727224,0.873677718832402,"Diabetes",0.969880683357322,101,15,"g__Lactobacillus"
"s__Corynebacterium aurimucosum_E","Periodontitis","Periodontitis",-0.137285589660873,0.946125993882455,0.884937071291654,"Periodontitis",0.971112280900671,101,14,"g__Corynebacterium"
"s__Neisseria sp000090875","Diabetes","Diabetes",-0.0602066229587989,0.421721008602296,0.88677884598035,"Diabetes",0.971112280900671,101,11,"g__Neisseria"
"s__Micrococcus luteus","Diabetes","Diabetes",-0.123524898695192,0.896683392567853,0.890723602662288,"Diabetes",0.972007545678575,101,43,"g__Micrococcus"
"s__Alloprevotella sp900095835","Periodontitis","Periodontitis",-0.133404971606211,0.986467708329826,0.892712193267954,"Periodontitis",0.972007545678575,101,45,"g__Alloprevotella"
"s__Kocuria palustris","Periodontitis","Periodontitis",0.0783171672582295,0.615953139429553,0.899092057204582,"Periodontitis",0.973376016346841,101,13,"g__Kocuria"
"s__Fannyhessea vaginae","Diabetes","Diabetes",-0.10599734002965,0.822979800169745,0.897790551491608,"Diabetes",0.973376016346841,101,18,"g__Fannyhessea"
"s__Kocuria palustris","Diabetes","Diabetes",-0.0483283357032088,0.470796302673518,0.918455286264102,"Diabetes",0.976170260911223,101,13,"g__Kocuria"
"s__Lawsonella sp018376445","KidneyDisease","KidneyDisease",-0.0906290674434246,0.970674387324957,0.925808542071682,"KidneyDisease",0.976170260911223,101,24,"g__Lawsonella"
"s__Alloprevotella sp015259235","KidneyDisease","KidneyDisease",0.04065108271477,0.426713290518142,0.924304554176785,"KidneyDisease",0.976170260911223,101,20,"g__Alloprevotella"
"g__Prevotella_HROM_Genome_1010","KidneyDisease","KidneyDisease",0.0452993768884932,0.495579425747795,0.927361747865662,"KidneyDisease",0.976170260911223,101,13,"g__Prevotella"
"s__Prevotella shahii","Periodontitis","Periodontitis",0.0753432718329035,0.732230875939787,0.91826279108857,"Periodontitis",0.976170260911223,101,36,"g__Prevotella"
"s__Prevotella timonensis","Periodontitis","Periodontitis",-0.126566364623543,1.11959139737409,0.910231898218073,"Periodontitis",0.976170260911223,101,24,"g__Prevotella"
"s__Neisseria sp000186165","Diabetes","Diabetes",-0.0839911992461695,0.870939412779069,0.923376280390554,"Diabetes",0.976170260911223,101,53,"g__Neisseria"
"s__Cutibacterium acnes","KidneyDisease","KidneyDisease",0.0394465465392888,0.557703090828666,0.943761032044656,"KidneyDisease",0.988990321165388,101,99,"g__Cutibacterium"
"s__Prevotella timonensis","KidneyDisease","KidneyDisease",-0.0661459155116347,0.95188299442381,0.944746017323778,"KidneyDisease",0.988990321165388,101,24,"g__Prevotella"
"s__Anaeroglobus micronuciformis","Diabetes","Diabetes",0.0109812170421081,0.235642999281915,0.962928998785434,"Diabetes",0.993394087876641,101,11,"g__Anaeroglobus"
"s__Neisseria mucosa_A","Periodontitis","Periodontitis",-0.0130694207148651,0.341103239656723,0.969516815953411,"Periodontitis",0.995719973141341,101,11,"g__Neisseria"
"s__Achromobacter xylosoxidans","Periodontitis","Periodontitis",-0.0330552852060422,1.02363401336259,0.97430686285715,"Periodontitis",0.996173847562471,101,58,"g__Achromobacter"
"s__Fannyhessea vaginae","KidneyDisease","KidneyDisease",-0.00208036485469098,0.915435648655581,0.998191541645126,"KidneyDisease",0.998626222383456,101,18,"g__Fannyhessea"
"s__Prevotella jejuni","Periodontitis","Periodontitis",0.00746617749865196,0.544403501884152,0.98908658059542,"Periodontitis",0.998626222383456,101,16,"g__Prevotella"
"s__Prevotella pallens","Diabetes","Diabetes",0.0190682514444323,0.791851217514577,0.980838827933158,"Diabetes",0.998626222383456,101,76,"g__Prevotella"
"g__Neisseria_HROM_Genome_4837","Periodontitis","Periodontitis",-0.00115991943060076,0.67190577224637,0.998626222383456,"Periodontitis",0.998626222383456,101,28,"g__Neisseria"
"s__Neisseria sp000090875","Periodontitis","Periodontitis",0.00559675262509471,0.551746854715885,0.991927911368571,"Periodontitis",0.998626222383456,101,11,"g__Neisseria"
"s__Pseudomonas aeruginosa","KidneyDisease","KidneyDisease",-0.00295683325068631,1.18692923962082,0.998017565928711,"KidneyDisease",0.998626222383456,101,35,"g__Pseudomonas"
