"feature","Genus","term","lfc","q","diff_abn"
"Abyssibacter_profundi","Abyssibacter","Periodontitis",-0.5111160526107,0.920719121967011,FALSE
"Acidovorax_delafieldii","Acidovorax","Periodontitis",-0.210056876789773,0.956413596261002,FALSE
"Acidovorax_facilis","Acidovorax","Periodontitis",0.441678681154012,0.920719121967011,FALSE
"Acidovorax_sp000302535","Acidovorax","Periodontitis",-0.6037014765243,0.920719121967011,FALSE
"Acidovorax_sp003058055","Acidovorax","Periodontitis",0.525178140943275,0.920719121967011,FALSE
"Acidovorax_temperans","Acidovorax","Periodontitis",-1.18925437636519,0.920719121967011,FALSE
"Acinetobacter_johnsonii","Acinetobacter","Periodontitis",0.953175557204623,0.920719121967011,FALSE
"Acinetobacter_junii","Acinetobacter","Periodontitis",-1.55026555986578,0.759872331318584,FALSE
"Acinetobacter_towneri_A","Acinetobacter","Periodontitis",-0.52488838281933,0.920719121967011,FALSE
"Actinomyces_oris","Actinomyces","Periodontitis",1.80016564223527,0.759872331318584,FALSE
"Aeromonas_caviae","Aeromonas","Periodontitis",0.158063150157599,0.920719121967011,FALSE
"Agrobacterium_pusense","Agrobacterium","Periodontitis",-0.485279630203336,0.920719121967011,FALSE
"Alcaligenes_phenolicus","Alcaligenes","Periodontitis",-0.0869729028536084,0.985023181704368,FALSE
"Alistipes_sp002428825","Alistipes","Periodontitis",1.02559277064765,0.802774610058904,FALSE
"Alloprevotella_sp015257125","Alloprevotella","Periodontitis",0.302423027865141,0.920719121967011,FALSE
"Alloprevotella_sp015259235","Alloprevotella","Periodontitis",1.02326304099951,0.850504523103982,FALSE
"Alloprevotella_sp900095835","Alloprevotella","Periodontitis",0.00657674784948142,0.997439300137332,FALSE
"Alloprevotella_sp905369775","Alloprevotella","Periodontitis",0.595717899974519,0.920719121967011,FALSE
"Anaeroglobus_micronuciformis","Anaeroglobus","Periodontitis",0.324884673959838,0.920719121967011,FALSE
"Aquabacterium_parvum","Aquabacterium","Periodontitis",-0.980964675422022,0.759872331318584,FALSE
"Atlantibacter_hermannii","Atlantibacter","Periodontitis",0.238162566484327,0.920719121967011,FALSE
"Bacillus_A_bombysepticus","Bacillus_A","Periodontitis",0.0424200055627819,0.985023181704368,FALSE
"Bacillus_A_toyonensis","Bacillus_A","Periodontitis",-1.34526310188782,0.759872331318584,FALSE
"Bifidobacterium_dentium","Bifidobacterium","Periodontitis",-0.867473279729873,0.759872331318584,FALSE
"Bifidobacterium_leopoldii","Bifidobacterium","Periodontitis",1.37983470424114,0.759872331318584,FALSE
"Bifidobacterium_swidsinskii","Bifidobacterium","Periodontitis",0.25492538367227,0.931873224081398,FALSE
"Bifidobacterium_vaginale","Bifidobacterium","Periodontitis",0.628189659029318,0.920719121967011,FALSE
"Brachybacterium_paraconglomeratum","Brachybacterium","Periodontitis",-0.243903001755887,0.920719121967011,FALSE
"Bradyrhizobium_sp019748335","Bradyrhizobium","Periodontitis",0.230557388003775,0.920719121967011,FALSE
"Brevundimonas_sp002434505","Brevundimonas","Periodontitis",0.986883382507405,0.920719121967011,FALSE
"Brevundimonas_sp002484265","Brevundimonas","Periodontitis",-0.597683045163844,0.920719121967011,FALSE
"CAG_485_sp002491945","CAG_485","Periodontitis",1.31977752130764,0.759872331318584,FALSE
"CAG_485_sp002493045","CAG_485","Periodontitis",1.21961836215397,0.759872331318584,FALSE
"CAG_873_sp011959565","CAG_873","Periodontitis",0.878299483938053,0.864017199322598,FALSE
"CSSed11_175R1_sp003563915","CSSed11_175R1","Periodontitis",0.0138498344942259,0.997439300137332,FALSE
"CSSed11_175R1_sp007120465","CSSed11_175R1","Periodontitis",-0.295733686066053,0.920719121967011,FALSE
"CU05_9_sp943913335","CU05_9","Periodontitis",0.313251600051966,0.920719121967011,FALSE
"Capnocytophaga_leadbetteri","Capnocytophaga","Periodontitis",0.215571696355236,0.920719121967011,FALSE
"Cardiobacterium_hominis","Cardiobacterium","Periodontitis",0.619671259664033,0.759872331318584,FALSE
"Centipeda_sp015265235","Centipeda","Periodontitis",0.475856331958692,0.920719121967011,FALSE
"Comamonas_thiooxydans","Comamonas","Periodontitis",0.756489163925886,0.920719121967011,FALSE
"Comamonas_tsuruhatensis","Comamonas","Periodontitis",-1.2358690240378,0.759872331318584,FALSE
"Corynebacterium_afermentans","Corynebacterium","Periodontitis",0.644751710781463,0.920719121967011,FALSE
"Corynebacterium_argentoratense","Corynebacterium","Periodontitis",0.948232338061639,0.759872331318584,FALSE
"Corynebacterium_aurimucosum_E","Corynebacterium","Periodontitis",-0.264180975802497,0.920719121967011,FALSE
"Corynebacterium_durum","Corynebacterium","Periodontitis",0.118194248535813,0.920719121967011,FALSE
"Corynebacterium_matruchotii","Corynebacterium","Periodontitis",0.634861636960078,0.920719121967011,FALSE
"Corynespora_cassiicola","Corynespora","Periodontitis",0.09445917636099,0.938424283688455,FALSE
"Cryptobacteroides_sp009774765","Cryptobacteroides","Periodontitis",0.751104905350829,0.864017199322598,FALSE
"Curvularia_eragrostidis","Curvularia","Periodontitis",0.586508167029187,0.920719121967011,FALSE
"Cutibacterium_acnes","Cutibacterium","Periodontitis",-0.418386233657847,0.920719121967011,FALSE
"Cutibacterium_modestum","Cutibacterium","Periodontitis",-0.297489192295234,0.920719121967011,FALSE
"Deinococcus_wulumuqiensis","Deinococcus","Periodontitis",1.29264718911317,0.850504523103982,FALSE
"Dermacoccus_abyssi","Dermacoccus","Periodontitis",-0.727160957012748,0.759872331318584,FALSE
"Dermacoccus_nishinomiyaensis","Dermacoccus","Periodontitis",1.10584324623564,0.759872331318584,FALSE
"Dialister_sp900541485","Dialister","Periodontitis",1.38771056220954,0.844311044534886,FALSE
"Diaphorobacter_nitroreducens","Diaphorobacter","Periodontitis",-0.807362083906153,0.920719121967011,FALSE
"Dietzia_cercidiphylli","Dietzia","Periodontitis",-1.6797317898136,0.759872331318584,FALSE
"Dietzia_natronolimnaea_A","Dietzia","Periodontitis",-1.08864153396755,0.759872331318584,FALSE
"Duncaniella_dubosii","Duncaniella","Periodontitis",1.13605615248163,0.759872331318584,FALSE
"Duncaniella_muris","Duncaniella","Periodontitis",0.935812087242439,0.844311044534886,FALSE
"Egicoccus_halophilus","Egicoccus","Periodontitis",-0.46279846082356,0.920719121967011,FALSE
"Egicoccus_sp018335555","Egicoccus","Periodontitis",-0.723431874743125,0.920719121967011,FALSE
"Escherichia_coli","Escherichia","Periodontitis",1.57672867023154,0.920719121967011,FALSE
"Eubacterium_B_sulci","Eubacterium_B","Periodontitis",0.279760027749404,0.925646127758765,FALSE
"Fannyhessea_vaginae","Fannyhessea","Periodontitis",3.30855489440861,0.731033003571163,FALSE
"Gordonia_bronchialis","Gordonia","Periodontitis",0.939300801667537,0.759872331318584,FALSE
"Gordonia_jacobaea","Gordonia","Periodontitis",0.595178544019722,0.920719121967011,FALSE
"Halalkalicoccus_jeotgali","Halalkalicoccus","Periodontitis",-1.34997792479039,0.759872331318584,FALSE
"Halalkalicoccus_sp022561895","Halalkalicoccus","Periodontitis",-1.61611886702775,0.759872331318584,FALSE
"Halalkalicoccus_subterraneus","Halalkalicoccus","Periodontitis",-0.0351068776049395,0.985023181704368,FALSE
"Halioglobus_sp003646415","Halioglobus","Periodontitis",-1.90816688972163,0.731033003571163,FALSE
"Halomonas_aerodenitrificans","Halomonas","Periodontitis",-0.55146636142356,0.920719121967011,FALSE
"Halomonas_desiderata","Halomonas","Periodontitis",-0.0941222796906283,0.920719121967011,FALSE
"Halomonas_ethanolica","Halomonas","Periodontitis",-0.825587392742241,0.802774610058904,FALSE
"Halomonas_sp003182195","Halomonas","Periodontitis",-0.209314275853938,0.938424283688455,FALSE
"Halomonas_sp003202205","Halomonas","Periodontitis",-1.36406698493518,0.731033003571163,FALSE
"Halomonas_sp015595025","Halomonas","Periodontitis",-0.617369291284598,0.864017199322598,FALSE
"Haloplanus_salinus","Haloplanus","Periodontitis",1.42870046946752,0.731033003571163,FALSE
"Halorientalis_regularis","Halorientalis","Periodontitis",0.782708218738798,0.759872331318584,FALSE
"Herbaspirillum_huttiense","Herbaspirillum","Periodontitis",-0.520571726044095,0.920719121967011,FALSE
"JACDQM01_sp015657635","JACDQM01","Periodontitis",-1.20029826616015,0.759872331318584,FALSE
"JAHWJY01_sp019348135","JAHWJY01","Periodontitis",0.625090640806267,0.920719121967011,FALSE
"Janibacter_A_massiliensis","Janibacter_A","Periodontitis",-0.448130493524965,0.920719121967011,FALSE
"Klebsiella_aerogenes","Klebsiella","Periodontitis",-0.723452764125324,0.920719121967011,FALSE
"Klebsiella_pneumoniae","Klebsiella","Periodontitis",-2.23040956001479,0.759872331318584,FALSE
"Kocuria_palustris","Kocuria","Periodontitis",0.584496633973997,0.920719121967011,FALSE
"Lactobacillus_crispatus","Lactobacillus","Periodontitis",0.579550449690583,0.920719121967011,FALSE
"Lactobacillus_gasseri","Lactobacillus","Periodontitis",1.79977579858254,0.864017199322598,FALSE
"Lactobacillus_iners","Lactobacillus","Periodontitis",-0.220694309020198,0.968988128355328,FALSE
"Lactobacillus_jensenii","Lactobacillus","Periodontitis",0.525655827127159,0.920719121967011,FALSE
"Laribacter_hongkongensis","Laribacter","Periodontitis",-0.284493475812832,0.920719121967011,FALSE
"Lautropia_mirabilis","Lautropia","Periodontitis",0.0291161824923365,0.985023181704368,FALSE
"Lawsonella_clevelandensis_A","Lawsonella","Periodontitis",1.01254095549353,0.920719121967011,FALSE
"Lawsonella_sp018376445","Lawsonella","Periodontitis",0.436871270656618,0.920719121967011,FALSE
"MED_G138_sp020633195","MED_G138","Periodontitis",0.347474419257229,0.920719121967011,FALSE
"Malassezia_furfur","Malassezia","Periodontitis",-0.171481059776306,0.920719121967011,FALSE
"Malassezia_globosa","Malassezia","Periodontitis",0.496341521081899,0.920719121967011,FALSE
"Malassezia_restricta","Malassezia","Periodontitis",0.387253708498072,0.920719121967011,FALSE
"Metamycoplasma_hominis","Metamycoplasma","Periodontitis",0.602513890416871,0.920719121967011,FALSE
"Methylobacterium_ajmalii","Methylobacterium","Periodontitis",0.734579792078775,0.86887345388219,FALSE
"Methylobacterium_aquaticum","Methylobacterium","Periodontitis",-0.516914505983614,0.920719121967011,FALSE
"Methylobacterium_jeotgali","Methylobacterium","Periodontitis",-0.846721732680634,0.864017199322598,FALSE
"Methylobacterium_rhodesianum","Methylobacterium","Periodontitis",-0.50025937538606,0.920719121967011,FALSE
"Methyloversatilis_discipulorum_A","Methyloversatilis","Periodontitis",0.55002763236586,0.865500123637773,FALSE
"Methyloversatilis_universalis","Methyloversatilis","Periodontitis",0.371643426365621,0.920719121967011,FALSE
"Methyloversatilis_universalis_A","Methyloversatilis","Periodontitis",-0.099539613607578,0.968988128355328,FALSE
"Micrococcus_luteus","Micrococcus","Periodontitis",1.43120333867961,0.864017199322598,FALSE
"Micrococcus_sp020097155","Micrococcus","Periodontitis",-1.61367351776357,0.759872331318584,FALSE
"Mixta_calida","Mixta","Periodontitis",0.580938737277276,0.759872331318584,FALSE
"Mogibacterium_diversum","Mogibacterium","Periodontitis",-0.0385615388370716,0.985023181704368,FALSE
"Moraxella_A_cinereus","Moraxella_A","Periodontitis",0.367944093860121,0.928952550009251,FALSE
"Moraxella_A_osloensis","Moraxella_A","Periodontitis",0.311924417440175,0.928952550009251,FALSE
"Muribaculum_arabinoxylanisolvens","Muribaculum","Periodontitis",0.666244193970376,0.920719121967011,FALSE
"Muribaculum_gordoncarteri","Muribaculum","Periodontitis",0.64131996653635,0.920719121967011,FALSE
"Muribaculum_intestinale","Muribaculum","Periodontitis",1.05955064387237,0.759872331318584,FALSE
"Mycobacterium_bacteremicum","Mycobacterium","Periodontitis",-0.190659583665657,0.920719121967011,FALSE
"Neisseria_elongata","Neisseria","Periodontitis",0.188999694361615,0.938424283688455,FALSE
"Neisseria_flavescens_B","Neisseria","Periodontitis",0.415519371824293,0.920719121967011,FALSE
"Neisseria_sp000090875","Neisseria","Periodontitis",-0.27447448478487,0.920719121967011,FALSE
"Neisseria_sp000186165","Neisseria","Periodontitis",0.50474741139496,0.920719121967011,FALSE
"Neisseria_subflava","Neisseria","Periodontitis",0.0456918846736374,0.985023181704368,FALSE
"Nesterenkonia_alba","Nesterenkonia","Periodontitis",-1.05919584890845,0.759872331318584,FALSE
"Nesterenkonia_alkaliphila","Nesterenkonia","Periodontitis",-0.587299053599493,0.920719121967011,FALSE
"Nesterenkonia_cremea","Nesterenkonia","Periodontitis",-2.38134678156223,0.759872331318584,FALSE
"Nesterenkonia_lacusekhoensis","Nesterenkonia","Periodontitis",0.539885211809947,0.920719121967011,FALSE
"Nesterenkonia_massiliensis","Nesterenkonia","Periodontitis",-0.58778719783329,0.920719121967011,FALSE
"Nesterenkonia_salmonea","Nesterenkonia","Periodontitis",-1.85803200486722,0.759872331318584,FALSE
"Nesterenkonia_sandarakina_A","Nesterenkonia","Periodontitis",-0.533787440973647,0.886354391454827,FALSE
"Nesterenkonia_sedimenti","Nesterenkonia","Periodontitis",0.0487212440983862,0.968988128355328,FALSE
"Nesterenkonia_sphaerica","Nesterenkonia","Periodontitis",-0.0888331704788932,0.920719121967011,FALSE
"Nitriliruptor_alkaliphilus","Nitriliruptor","Periodontitis",-1.01251546402991,0.850504523103982,FALSE
"Nocardioides_sp021166815","Nocardioides","Periodontitis",0.170901273136944,0.920719121967011,FALSE
"Nocardiopsis_salina","Nocardiopsis","Periodontitis",-0.551978266057289,0.920719121967011,FALSE
"PUIC01_sp017418605","PUIC01","Periodontitis",0.434112027218558,0.759872331318584,FALSE
"PWLR01_sp020832455","PWLR01","Periodontitis",0.743401635574603,0.920719121967011,FALSE
"Pandoraea_nosoerga","Pandoraea","Periodontitis",-0.324265232685869,0.920719121967011,FALSE
"Paracoccus_aeridis","Paracoccus","Periodontitis",-0.0305063667563121,0.985023181704368,FALSE
"Paracoccus_marcusii","Paracoccus","Periodontitis",-0.0839266413893846,0.985023181704368,FALSE
"Paracoccus_marinus","Paracoccus","Periodontitis",0.248011987549085,0.925646127758765,FALSE
"Paracoccus_salipaludis","Paracoccus","Periodontitis",0.222208771982274,0.920719121967011,FALSE
"Paracoccus_sphaerophysae","Paracoccus","Periodontitis",-0.504482553114614,0.920719121967011,FALSE
"Paramuribaculum_intestinale","Paramuribaculum","Periodontitis",1.18225410221381,0.759872331318584,FALSE
"Pauljensenia_bouchesdurhonensis","Pauljensenia","Periodontitis",0.0324945728585942,0.985023181704368,FALSE
"Pauljensenia_sp000278725","Pauljensenia","Periodontitis",0.0474663507605915,0.985023181704368,FALSE
"Pauljensenia_sp000466265","Pauljensenia","Periodontitis",-0.133411503186502,0.950986018884449,FALSE
"Pauljensenia_sp001838165","Pauljensenia","Periodontitis",1.26172120949781,0.759872331318584,FALSE
"Pauljensenia_sp019425105","Pauljensenia","Periodontitis",-0.179098422585128,0.920719121967011,FALSE
"Pauljensenia_sp902373545","Pauljensenia","Periodontitis",1.09468471183113,0.759872331318584,FALSE
"Pelomonas_puraquae","Pelomonas","Periodontitis",0.0324707342804734,0.985023181704368,FALSE
"Pelomonas_sp003963005","Pelomonas","Periodontitis",-1.6653291760131,0.759872331318584,FALSE
"Pelomonas_sp021738245","Pelomonas","Periodontitis",-2.82589264179184,0.731033003571163,FALSE
"Phreatobacter_oligotrophus","Phreatobacter","Periodontitis",0.894373863751191,0.908891022846188,FALSE
"Phytobacter_diazotrophicus","Phytobacter","Periodontitis",-0.164952346283637,0.920719121967011,FALSE
"Porphyromonas_endodontalis","Porphyromonas","Periodontitis",0.838561447326688,0.920719121967011,FALSE
"Porphyromonas_gingivalis","Porphyromonas","Periodontitis",0.300265411172404,0.920719121967011,FALSE
"Porphyromonas_pasteri","Porphyromonas","Periodontitis",0.42573722509743,0.920719121967011,FALSE
"Prevotella_aurantiaca","Prevotella","Periodontitis",-0.315878431119119,0.920719121967011,FALSE
"Prevotella_bivia","Prevotella","Periodontitis",-0.17507109901786,0.968988128355328,FALSE
"Prevotella_corporis","Prevotella","Periodontitis",-0.0871093917248863,0.985023181704368,FALSE
"Prevotella_histicola","Prevotella","Periodontitis",-0.430001623101821,0.920719121967011,FALSE
"Prevotella_intermedia","Prevotella","Periodontitis",-0.0914111253036347,0.981847149546006,FALSE
"Prevotella_jejuni","Prevotella","Periodontitis",-0.188141169277532,0.920719121967011,FALSE
"Prevotella_melaninogenica","Prevotella","Periodontitis",2.08387275705721,0.759872331318584,FALSE
"Prevotella_melaninogenica_A","Prevotella","Periodontitis",0.635076673099237,0.920719121967011,FALSE
"Prevotella_nanceiensis","Prevotella","Periodontitis",0.707871302541525,0.886354391454827,FALSE
"Prevotella_oris","Prevotella","Periodontitis",0.811759606991925,0.920719121967011,FALSE
"Prevotella_pallens","Prevotella","Periodontitis",1.36664657058658,0.759872331318584,FALSE
"Prevotella_salivae","Prevotella","Periodontitis",-0.403944102850233,0.920719121967011,FALSE
"Prevotella_shahii","Prevotella","Periodontitis",1.15533528247596,0.792680045270805,FALSE
"Prevotella_sp013333285","Prevotella","Periodontitis",1.27177781917862,0.759872331318584,FALSE
"Prevotella_sp905372445","Prevotella","Periodontitis",1.78017919962752,0.759872331318584,FALSE
"Prevotella_timonensis","Prevotella","Periodontitis",-0.523799813811796,0.920719121967011,FALSE
"Prevotella_timonensis_A","Prevotella","Periodontitis",-0.532177786067953,0.920719121967011,FALSE
"Prevotella_vespertina","Prevotella","Periodontitis",0.227485663153442,0.920719121967011,FALSE
"Pseudoclavibacter_B_triregionum","Pseudoclavibacter_B","Periodontitis",0.71136995092969,0.920719121967011,FALSE
"Pseudomonas_E_fluorescens_E","Pseudomonas_E","Periodontitis",0.199856924436104,0.920719121967011,FALSE
"Pseudomonas_E_iridis","Pseudomonas_E","Periodontitis",0.530046716290246,0.920719121967011,FALSE
"Pseudomonas_E_juntendi","Pseudomonas_E","Periodontitis",0.545551738599277,0.920719121967011,FALSE
"Pseudomonas_E_putida","Pseudomonas_E","Periodontitis",0.925939654825102,0.850504523103982,FALSE
"Pseudomonas_aeruginosa","Pseudomonas","Periodontitis",0.368798548672914,0.920719121967011,FALSE
"Pseudonocardia_ammonioxydans","Pseudonocardia","Periodontitis",0.485356595529027,0.920719121967011,FALSE
"Puia_sp001898505","Puia","Periodontitis",-0.25587153155469,0.928952550009251,FALSE
"Ralstonia_insidiosa","Ralstonia","Periodontitis",0.129846849650419,0.976623367086333,FALSE
"Ralstonia_mannitolilytica","Ralstonia","Periodontitis",-0.872074618888406,0.920719121967011,FALSE
"Ralstonia_pickettii","Ralstonia","Periodontitis",0.524647840455863,0.759872331318584,FALSE
"Ralstonia_pickettii_B","Ralstonia","Periodontitis",1.44910145056547,0.844311044534886,FALSE
"Ralstonia_sp000620465","Ralstonia","Periodontitis",-0.107656337510859,0.920719121967011,FALSE
"Ralstonia_sp000801955","Ralstonia","Periodontitis",-0.481513159917074,0.920719121967011,FALSE
"Ralstonia_sp001078575","Ralstonia","Periodontitis",-0.346542472782769,0.920719121967011,FALSE
"Ralstonia_sp007997035","Ralstonia","Periodontitis",-1.64900306580461,0.759872331318584,FALSE
"Ralstonia_sp021173085","Ralstonia","Periodontitis",1.55413643790841,0.773518158178167,FALSE
"Ralstonia_sp023955655","Ralstonia","Periodontitis",-1.00202962293157,0.850504523103982,FALSE
"Ralstonia_sp900115545","Ralstonia","Periodontitis",0.398270552576233,0.920719121967011,FALSE
"Ralstonia_syzygii","Ralstonia","Periodontitis",-0.446275087314212,0.920719121967011,FALSE
"Roseateles_depolymerans","Roseateles","Periodontitis",1.44675693408341,0.759872331318584,FALSE
"Roseomonas_mucosa","Roseomonas","Periodontitis",0.341670558710808,0.920719121967011,FALSE
"Rothia_aeria","Rothia","Periodontitis",0.435536535636531,0.920719121967011,FALSE
"Rothia_dentocariosa","Rothia","Periodontitis",0.773917655660586,0.920719121967011,FALSE
"Rothia_mucilaginosa_B","Rothia","Periodontitis",-0.367253120556241,0.920719121967011,FALSE
"Rubrivivax_sp022843905","Rubrivivax","Periodontitis",-2.26681712317867,0.315806239938252,FALSE
"SKLC01_sp007123425","SKLC01","Periodontitis",0.0166047418890453,0.997439300137332,FALSE
"SKLC01_sp007130695","SKLC01","Periodontitis",0.25522668347667,0.928952550009251,FALSE
"Salinibacter_sp913056185","Salinibacter","Periodontitis",0.497130262326055,0.759872331318584,FALSE
"Salmonella_enterica","Salmonella","Periodontitis",-0.475834833509274,0.920719121967011,FALSE
"Sphingobium_yanoikuyae","Sphingobium","Periodontitis",0.229401284312912,0.920719121967011,FALSE
"Sphingomonas_aquatilis","Sphingomonas","Periodontitis",0.00309514701219771,0.997439300137332,FALSE
"Sphingomonas_echinoides","Sphingomonas","Periodontitis",0.306974690993691,0.920719121967011,FALSE
"Sphingomonas_hankookensis_A","Sphingomonas","Periodontitis",-0.192098338231674,0.920719121967011,FALSE
"Sphingomonas_paucimobilis","Sphingomonas","Periodontitis",-0.382343176650035,0.920719121967011,FALSE
"Sphingomonas_pseudosanguinis","Sphingomonas","Periodontitis",0.00317338165038389,0.997439300137332,FALSE
"Sphingomonas_sp000797515","Sphingomonas","Periodontitis",-0.0448910085508858,0.985023181704368,FALSE
"Sphingomonas_sp002127225","Sphingomonas","Periodontitis",0.60870863655461,0.920719121967011,FALSE
"Sphingomonas_sp003075315","Sphingomonas","Periodontitis",-0.0263581911293558,0.985023181704368,FALSE
"Sphingomonas_sp004341505","Sphingomonas","Periodontitis",0.632823371510791,0.909692128496109,FALSE
"Sphingomonas_zeae","Sphingomonas","Periodontitis",0.347230092189208,0.920719121967011,FALSE
"Stenotrophomonas_maltophilia_S","Stenotrophomonas","Periodontitis",0.396881047136428,0.920719121967011,FALSE
"Stenotrophomonas_sepilia","Stenotrophomonas","Periodontitis",0.575085084590259,0.920719121967011,FALSE
"Stomatobaculum_longum","Stomatobaculum","Periodontitis",0.242244017927459,0.920719121967011,FALSE
"Streptococcus_agalactiae","Streptococcus","Periodontitis",-1.962052976068,0.844311044534886,FALSE
"Streptomyces_sp004348315","Streptomyces","Periodontitis",-0.22728426281455,0.920719121967011,FALSE
"Sulfuritalea_sp016235805","Sulfuritalea","Periodontitis",-1.73846121881248,0.759872331318584,FALSE
"Tannerella_forsythia","Tannerella","Periodontitis",-0.416155537140996,0.920719121967011,FALSE
"Tannerella_serpentiformis","Tannerella","Periodontitis",-0.16596112870164,0.928952550009251,FALSE
"UBA668_sp016213625","UBA668","Periodontitis",0.952862673982613,0.920719121967011,FALSE
"Variovorax_sp900115375","Variovorax","Periodontitis",0.873760720378553,0.920719121967011,FALSE
"Veillonella_rogosae","Veillonella","Periodontitis",-0.264937806593542,0.920719121967011,FALSE
"Veillonella_tobetsuensis","Veillonella","Periodontitis",-0.0701199759771057,0.968988128355328,FALSE
"Winkia_sp002849225","Winkia","Periodontitis",0.919708572045558,0.920719121967011,FALSE
"Abyssibacter_profundi","Abyssibacter","Diabetes",-0.23134545878876,0.986515350770579,FALSE
"Acidovorax_delafieldii","Acidovorax","Diabetes",-0.157534830838565,0.986515350770579,FALSE
"Acidovorax_facilis","Acidovorax","Diabetes",-0.602784668547784,0.986515350770579,FALSE
"Acidovorax_sp000302535","Acidovorax","Diabetes",-0.370692227165604,0.986515350770579,FALSE
"Acidovorax_sp003058055","Acidovorax","Diabetes",1.16775288654711,0.986515350770579,FALSE
"Acidovorax_temperans","Acidovorax","Diabetes",-0.11305737686588,0.986515350770579,FALSE
"Acinetobacter_johnsonii","Acinetobacter","Diabetes",-0.84121571095169,0.986515350770579,FALSE
"Acinetobacter_junii","Acinetobacter","Diabetes",0.948561697108178,0.986515350770579,FALSE
"Acinetobacter_towneri_A","Acinetobacter","Diabetes",-0.632371180248486,0.986515350770579,FALSE
"Actinomyces_oris","Actinomyces","Diabetes",0.574308106602709,0.986515350770579,FALSE
"Aeromonas_caviae","Aeromonas","Diabetes",0.282251654085612,0.986515350770579,FALSE
"Agrobacterium_pusense","Agrobacterium","Diabetes",-2.4541281187582,0.34672719236424,FALSE
"Alcaligenes_phenolicus","Alcaligenes","Diabetes",-0.0300499071499405,0.992114847579573,FALSE
"Alistipes_sp002428825","Alistipes","Diabetes",-0.200038935010636,0.986515350770579,FALSE
"Alloprevotella_sp015257125","Alloprevotella","Diabetes",0.0878684920095622,0.986515350770579,FALSE
"Alloprevotella_sp015259235","Alloprevotella","Diabetes",1.04035483806771,0.986515350770579,FALSE
"Alloprevotella_sp900095835","Alloprevotella","Diabetes",0.376822721809894,0.986515350770579,FALSE
"Alloprevotella_sp905369775","Alloprevotella","Diabetes",-0.0515052000202625,0.989786546984938,FALSE
"Anaeroglobus_micronuciformis","Anaeroglobus","Diabetes",0.546323535220752,0.986515350770579,FALSE
"Aquabacterium_parvum","Aquabacterium","Diabetes",0.307754861450628,0.986515350770579,FALSE
"Atlantibacter_hermannii","Atlantibacter","Diabetes",-0.823090166577929,0.613733039949519,FALSE
"Bacillus_A_bombysepticus","Bacillus_A","Diabetes",1.53014925296896,0.613733039949519,FALSE
"Bacillus_A_toyonensis","Bacillus_A","Diabetes",-0.494537505925961,0.986515350770579,FALSE
"Bifidobacterium_dentium","Bifidobacterium","Diabetes",0.120659826700393,0.986515350770579,FALSE
"Bifidobacterium_leopoldii","Bifidobacterium","Diabetes",-0.488843818463929,0.986515350770579,FALSE
"Bifidobacterium_swidsinskii","Bifidobacterium","Diabetes",0.319571919029751,0.986515350770579,FALSE
"Bifidobacterium_vaginale","Bifidobacterium","Diabetes",-0.96720364447874,0.986515350770579,FALSE
"Brachybacterium_paraconglomeratum","Brachybacterium","Diabetes",0.366839295966011,0.986515350770579,FALSE
"Bradyrhizobium_sp019748335","Bradyrhizobium","Diabetes",0.128911589386385,0.986515350770579,FALSE
"Brevundimonas_sp002434505","Brevundimonas","Diabetes",-2.58096719069122,0.439503431934487,FALSE
"Brevundimonas_sp002484265","Brevundimonas","Diabetes",-0.709350398871291,0.986515350770579,FALSE
"CAG_485_sp002491945","CAG_485","Diabetes",-0.0683234365405528,0.986515350770579,FALSE
"CAG_485_sp002493045","CAG_485","Diabetes",0.09622239672138,0.986515350770579,FALSE
"CAG_873_sp011959565","CAG_873","Diabetes",0.0648330108265078,0.986515350770579,FALSE
"CSSed11_175R1_sp003563915","CSSed11_175R1","Diabetes",0.158469011235895,0.986515350770579,FALSE
"CSSed11_175R1_sp007120465","CSSed11_175R1","Diabetes",-0.0646098302955493,0.987165221083131,FALSE
"CU05_9_sp943913335","CU05_9","Diabetes",0.596795456545704,0.986515350770579,FALSE
"Capnocytophaga_leadbetteri","Capnocytophaga","Diabetes",0.355449465334269,0.986515350770579,FALSE
"Cardiobacterium_hominis","Cardiobacterium","Diabetes",-0.0050971991151651,0.998354708493882,FALSE
"Centipeda_sp015265235","Centipeda","Diabetes",0.186802769549417,0.986515350770579,FALSE
"Comamonas_thiooxydans","Comamonas","Diabetes",0.308162152097984,0.986515350770579,FALSE
"Comamonas_tsuruhatensis","Comamonas","Diabetes",-0.870531308530775,0.986515350770579,FALSE
"Corynebacterium_afermentans","Corynebacterium","Diabetes",-1.16622262219365,0.986515350770579,FALSE
"Corynebacterium_argentoratense","Corynebacterium","Diabetes",-0.38167770774286,0.986515350770579,FALSE
"Corynebacterium_aurimucosum_E","Corynebacterium","Diabetes",1.52707181544086,0.613733039949519,FALSE
"Corynebacterium_durum","Corynebacterium","Diabetes",-0.588276431620941,0.986515350770579,FALSE
"Corynebacterium_matruchotii","Corynebacterium","Diabetes",0.0676748100421082,0.986515350770579,FALSE
"Corynespora_cassiicola","Corynespora","Diabetes",-0.203608210085967,0.986515350770579,FALSE
"Cryptobacteroides_sp009774765","Cryptobacteroides","Diabetes",-0.241089280767249,0.986515350770579,FALSE
"Curvularia_eragrostidis","Curvularia","Diabetes",-0.865750540680575,0.986515350770579,FALSE
"Cutibacterium_acnes","Cutibacterium","Diabetes",-0.201709324119521,0.986515350770579,FALSE
"Cutibacterium_modestum","Cutibacterium","Diabetes",0.265264164057481,0.986515350770579,FALSE
"Deinococcus_wulumuqiensis","Deinococcus","Diabetes",-0.181904643618029,0.986515350770579,FALSE
"Dermacoccus_abyssi","Dermacoccus","Diabetes",-0.219776581483896,0.986515350770579,FALSE
"Dermacoccus_nishinomiyaensis","Dermacoccus","Diabetes",0.0938937886930903,0.986515350770579,FALSE
"Dialister_sp900541485","Dialister","Diabetes",0.243064420669201,0.986515350770579,FALSE
"Diaphorobacter_nitroreducens","Diaphorobacter","Diabetes",0.408856699793324,0.986515350770579,FALSE
"Dietzia_cercidiphylli","Dietzia","Diabetes",-0.587145661675101,0.986515350770579,FALSE
"Dietzia_natronolimnaea_A","Dietzia","Diabetes",-0.369602118142184,0.986515350770579,FALSE
"Duncaniella_dubosii","Duncaniella","Diabetes",0.318144419389417,0.986515350770579,FALSE
"Duncaniella_muris","Duncaniella","Diabetes",0.171517349309093,0.986515350770579,FALSE
"Egicoccus_halophilus","Egicoccus","Diabetes",0.43512936065258,0.986515350770579,FALSE
"Egicoccus_sp018335555","Egicoccus","Diabetes",-0.238974748788902,0.986515350770579,FALSE
"Escherichia_coli","Escherichia","Diabetes",0.540489700115699,0.986515350770579,FALSE
"Eubacterium_B_sulci","Eubacterium_B","Diabetes",-0.0992877048164516,0.986515350770579,FALSE
"Fannyhessea_vaginae","Fannyhessea","Diabetes",-0.241401926415447,0.986515350770579,FALSE
"Gordonia_bronchialis","Gordonia","Diabetes",-0.129348217546992,0.986515350770579,FALSE
"Gordonia_jacobaea","Gordonia","Diabetes",-0.752312781053124,0.986515350770579,FALSE
"Halalkalicoccus_jeotgali","Halalkalicoccus","Diabetes",2.2526063210009,0.126032466968716,FALSE
"Halalkalicoccus_sp022561895","Halalkalicoccus","Diabetes",0.602613402875957,0.986515350770579,FALSE
"Halalkalicoccus_subterraneus","Halalkalicoccus","Diabetes",-0.0776468242079995,0.986515350770579,FALSE
"Halioglobus_sp003646415","Halioglobus","Diabetes",0.850966791040821,0.986515350770579,FALSE
"Halomonas_aerodenitrificans","Halomonas","Diabetes",-0.78470660663748,0.986515350770579,FALSE
"Halomonas_desiderata","Halomonas","Diabetes",0.302573255491245,0.986515350770579,FALSE
"Halomonas_ethanolica","Halomonas","Diabetes",-0.0419043770023955,0.989786546984938,FALSE
"Halomonas_sp003182195","Halomonas","Diabetes",0.330109930858878,0.986515350770579,FALSE
"Halomonas_sp003202205","Halomonas","Diabetes",0.0124655763874288,0.992114847579573,FALSE
"Halomonas_sp015595025","Halomonas","Diabetes",-0.420291867545287,0.986515350770579,FALSE
"Haloplanus_salinus","Haloplanus","Diabetes",0.21656090590444,0.986515350770579,FALSE
"Halorientalis_regularis","Halorientalis","Diabetes",0.0976919056524457,0.986515350770579,FALSE
"Herbaspirillum_huttiense","Herbaspirillum","Diabetes",-0.391547856200251,0.986515350770579,FALSE
"JACDQM01_sp015657635","JACDQM01","Diabetes",0.409815540895782,0.986515350770579,FALSE
"JAHWJY01_sp019348135","JAHWJY01","Diabetes",-0.598019033340696,0.986515350770579,FALSE
"Janibacter_A_massiliensis","Janibacter_A","Diabetes",-0.315231140884405,0.986515350770579,FALSE
"Klebsiella_aerogenes","Klebsiella","Diabetes",-0.398240709051082,0.986515350770579,FALSE
"Klebsiella_pneumoniae","Klebsiella","Diabetes",1.72662755476868,0.986515350770579,FALSE
"Kocuria_palustris","Kocuria","Diabetes",-0.160359634367085,0.986515350770579,FALSE
"Lactobacillus_crispatus","Lactobacillus","Diabetes",0.615804752173414,0.986515350770579,FALSE
"Lactobacillus_gasseri","Lactobacillus","Diabetes",-0.37101546985165,0.986515350770579,FALSE
"Lactobacillus_iners","Lactobacillus","Diabetes",0.740141329034054,0.986515350770579,FALSE
"Lactobacillus_jensenii","Lactobacillus","Diabetes",-0.63723001186689,0.986515350770579,FALSE
"Laribacter_hongkongensis","Laribacter","Diabetes",-0.309410452826472,0.986515350770579,FALSE
"Lautropia_mirabilis","Lautropia","Diabetes",0.622461207080745,0.986515350770579,FALSE
"Lawsonella_clevelandensis_A","Lawsonella","Diabetes",0.12758842207648,0.986515350770579,FALSE
"Lawsonella_sp018376445","Lawsonella","Diabetes",0.2966642837595,0.986515350770579,FALSE
"MED_G138_sp020633195","MED_G138","Diabetes",0.714515631007051,0.986515350770579,FALSE
"Malassezia_furfur","Malassezia","Diabetes",-0.392927657527513,0.986515350770579,FALSE
"Malassezia_globosa","Malassezia","Diabetes",-0.16812335460287,0.986515350770579,FALSE
"Malassezia_restricta","Malassezia","Diabetes",-0.00274505982105225,0.998354708493882,FALSE
"Metamycoplasma_hominis","Metamycoplasma","Diabetes",-0.845024374051562,0.986515350770579,FALSE
"Methylobacterium_ajmalii","Methylobacterium","Diabetes",-0.950068996470494,0.986515350770579,FALSE
"Methylobacterium_aquaticum","Methylobacterium","Diabetes",0.0418571381640042,0.989786546984938,FALSE
"Methylobacterium_jeotgali","Methylobacterium","Diabetes",-0.239810090623454,0.986515350770579,FALSE
"Methylobacterium_rhodesianum","Methylobacterium","Diabetes",-0.128457896517138,0.986515350770579,FALSE
"Methyloversatilis_discipulorum_A","Methyloversatilis","Diabetes",-0.0852522088993894,0.986515350770579,FALSE
"Methyloversatilis_universalis","Methyloversatilis","Diabetes",-0.856337689023653,0.986515350770579,FALSE
"Methyloversatilis_universalis_A","Methyloversatilis","Diabetes",-0.366643180351231,0.986515350770579,FALSE
"Micrococcus_luteus","Micrococcus","Diabetes",0.525978744137285,0.986515350770579,FALSE
"Micrococcus_sp020097155","Micrococcus","Diabetes",-0.611841063384842,0.986515350770579,FALSE
"Mixta_calida","Mixta","Diabetes",-0.109187090435609,0.986515350770579,FALSE
"Mogibacterium_diversum","Mogibacterium","Diabetes",-0.666591991296772,0.986515350770579,FALSE
"Moraxella_A_cinereus","Moraxella_A","Diabetes",0.194955669702389,0.986515350770579,FALSE
"Moraxella_A_osloensis","Moraxella_A","Diabetes",-0.0796014672704952,0.987165221083131,FALSE
"Muribaculum_arabinoxylanisolvens","Muribaculum","Diabetes",0.2777667320212,0.986515350770579,FALSE
"Muribaculum_gordoncarteri","Muribaculum","Diabetes",0.418186810969951,0.986515350770579,FALSE
"Muribaculum_intestinale","Muribaculum","Diabetes",-0.0850599592048215,0.986515350770579,FALSE
"Mycobacterium_bacteremicum","Mycobacterium","Diabetes",-0.0713131679655713,0.986515350770579,FALSE
"Neisseria_elongata","Neisseria","Diabetes",1.21584933554394,0.986515350770579,FALSE
"Neisseria_flavescens_B","Neisseria","Diabetes",0.135971709710781,0.986515350770579,FALSE
"Neisseria_sp000090875","Neisseria","Diabetes",-0.274132106144612,0.986515350770579,FALSE
"Neisseria_sp000186165","Neisseria","Diabetes",-0.00140217642169617,0.998354708493882,FALSE
"Neisseria_subflava","Neisseria","Diabetes",1.04122423002784,0.986515350770579,FALSE
"Nesterenkonia_alba","Nesterenkonia","Diabetes",-1.30867347154577,0.5564560290159,FALSE
"Nesterenkonia_alkaliphila","Nesterenkonia","Diabetes",0.830673082420217,0.986515350770579,FALSE
"Nesterenkonia_cremea","Nesterenkonia","Diabetes",-0.868824936258968,0.986515350770579,FALSE
"Nesterenkonia_lacusekhoensis","Nesterenkonia","Diabetes",0.510932583552716,0.986515350770579,FALSE
"Nesterenkonia_massiliensis","Nesterenkonia","Diabetes",-0.451221897167078,0.986515350770579,FALSE
"Nesterenkonia_salmonea","Nesterenkonia","Diabetes",2.16085569494402,0.5564560290159,FALSE
"Nesterenkonia_sandarakina_A","Nesterenkonia","Diabetes",-0.35844297722254,0.986515350770579,FALSE
"Nesterenkonia_sedimenti","Nesterenkonia","Diabetes",0.601261827203901,0.986515350770579,FALSE
"Nesterenkonia_sphaerica","Nesterenkonia","Diabetes",0.331925174395494,0.986515350770579,FALSE
"Nitriliruptor_alkaliphilus","Nitriliruptor","Diabetes",0.0180474234519206,0.992114847579573,FALSE
"Nocardioides_sp021166815","Nocardioides","Diabetes",-0.893718190371957,0.986515350770579,FALSE
"Nocardiopsis_salina","Nocardiopsis","Diabetes",0.205088343709837,0.986515350770579,FALSE
"PUIC01_sp017418605","PUIC01","Diabetes",-0.143083553912157,0.986515350770579,FALSE
"PWLR01_sp020832455","PWLR01","Diabetes",-0.149026796021474,0.986515350770579,FALSE
"Pandoraea_nosoerga","Pandoraea","Diabetes",-0.639725342418176,0.986515350770579,FALSE
"Paracoccus_aeridis","Paracoccus","Diabetes",-0.244472950745295,0.986515350770579,FALSE
"Paracoccus_marcusii","Paracoccus","Diabetes",0.138533415090149,0.986515350770579,FALSE
"Paracoccus_marinus","Paracoccus","Diabetes",-0.103393019421023,0.986515350770579,FALSE
"Paracoccus_salipaludis","Paracoccus","Diabetes",-0.800415585577807,0.986515350770579,FALSE
"Paracoccus_sphaerophysae","Paracoccus","Diabetes",1.34001027160155,0.876155878710766,FALSE
"Paramuribaculum_intestinale","Paramuribaculum","Diabetes",-0.146698053592653,0.986515350770579,FALSE
"Pauljensenia_bouchesdurhonensis","Pauljensenia","Diabetes",-0.17999687767333,0.986515350770579,FALSE
"Pauljensenia_sp000278725","Pauljensenia","Diabetes",0.714117066938057,0.986515350770579,FALSE
"Pauljensenia_sp000466265","Pauljensenia","Diabetes",0.543412102408718,0.986515350770579,FALSE
"Pauljensenia_sp001838165","Pauljensenia","Diabetes",0.150675942905717,0.986515350770579,FALSE
"Pauljensenia_sp019425105","Pauljensenia","Diabetes",-0.401671178457855,0.986515350770579,FALSE
"Pauljensenia_sp902373545","Pauljensenia","Diabetes",0.744123123366791,0.986515350770579,FALSE
"Pelomonas_puraquae","Pelomonas","Diabetes",-0.0319066650956104,0.986515350770579,FALSE
"Pelomonas_sp003963005","Pelomonas","Diabetes",-1.27801809673468,0.986515350770579,FALSE
"Pelomonas_sp021738245","Pelomonas","Diabetes",-0.117215660823425,0.986515350770579,FALSE
"Phreatobacter_oligotrophus","Phreatobacter","Diabetes",-0.747443940681168,0.986515350770579,FALSE
"Phytobacter_diazotrophicus","Phytobacter","Diabetes",-0.203532650614505,0.986515350770579,FALSE
"Porphyromonas_endodontalis","Porphyromonas","Diabetes",1.13664714994961,0.986515350770579,FALSE
"Porphyromonas_gingivalis","Porphyromonas","Diabetes",0.499860619341977,0.986515350770579,FALSE
"Porphyromonas_pasteri","Porphyromonas","Diabetes",0.514710931868556,0.986515350770579,FALSE
"Prevotella_aurantiaca","Prevotella","Diabetes",0.0563575385925271,0.987165221083131,FALSE
"Prevotella_bivia","Prevotella","Diabetes",-0.813355896734709,0.986515350770579,FALSE
"Prevotella_corporis","Prevotella","Diabetes",0.816361181251961,0.986515350770579,FALSE
"Prevotella_histicola","Prevotella","Diabetes",1.45078746596544,0.876155878710766,FALSE
"Prevotella_intermedia","Prevotella","Diabetes",0.449778799271048,0.986515350770579,FALSE
"Prevotella_jejuni","Prevotella","Diabetes",0.742060213392978,0.986515350770579,FALSE
"Prevotella_melaninogenica","Prevotella","Diabetes",1.07180250440993,0.986515350770579,FALSE
"Prevotella_melaninogenica_A","Prevotella","Diabetes",0.191780083271405,0.986515350770579,FALSE
"Prevotella_nanceiensis","Prevotella","Diabetes",-0.366147094792728,0.986515350770579,FALSE
"Prevotella_oris","Prevotella","Diabetes",0.0439470455946397,0.989786546984938,FALSE
"Prevotella_pallens","Prevotella","Diabetes",0.131439648183795,0.986515350770579,FALSE
"Prevotella_salivae","Prevotella","Diabetes",0.242645031975708,0.986515350770579,FALSE
"Prevotella_shahii","Prevotella","Diabetes",0.925860661681808,0.986515350770579,FALSE
"Prevotella_sp013333285","Prevotella","Diabetes",0.180182321131285,0.986515350770579,FALSE
"Prevotella_sp905372445","Prevotella","Diabetes",-0.0204973761426876,0.992114847579573,FALSE
"Prevotella_timonensis","Prevotella","Diabetes",2.23344060736724,0.505424291797724,FALSE
"Prevotella_timonensis_A","Prevotella","Diabetes",2.0162881537732,0.505424291797724,FALSE
"Prevotella_vespertina","Prevotella","Diabetes",-0.752024401690014,0.986515350770579,FALSE
"Pseudoclavibacter_B_triregionum","Pseudoclavibacter_B","Diabetes",-1.04437848318532,0.986515350770579,FALSE
"Pseudomonas_E_fluorescens_E","Pseudomonas_E","Diabetes",0.113073820908139,0.986515350770579,FALSE
"Pseudomonas_E_iridis","Pseudomonas_E","Diabetes",-0.249001982200955,0.986515350770579,FALSE
"Pseudomonas_E_juntendi","Pseudomonas_E","Diabetes",-0.0729689741317677,0.986515350770579,FALSE
"Pseudomonas_E_putida","Pseudomonas_E","Diabetes",-0.731530466258007,0.986515350770579,FALSE
"Pseudomonas_aeruginosa","Pseudomonas","Diabetes",1.43537781585901,0.986515350770579,FALSE
"Pseudonocardia_ammonioxydans","Pseudonocardia","Diabetes",0.184517614670161,0.986515350770579,FALSE
"Puia_sp001898505","Puia","Diabetes",0.699748043999786,0.986515350770579,FALSE
"Ralstonia_insidiosa","Ralstonia","Diabetes",-0.724450184140547,0.986515350770579,FALSE
"Ralstonia_mannitolilytica","Ralstonia","Diabetes",0.317185051881197,0.986515350770579,FALSE
"Ralstonia_pickettii","Ralstonia","Diabetes",-0.0463896139317777,0.986515350770579,FALSE
"Ralstonia_pickettii_B","Ralstonia","Diabetes",-0.150600619152257,0.986515350770579,FALSE
"Ralstonia_sp000620465","Ralstonia","Diabetes",-0.343016407929743,0.986515350770579,FALSE
"Ralstonia_sp000801955","Ralstonia","Diabetes",-0.445620197925651,0.986515350770579,FALSE
"Ralstonia_sp001078575","Ralstonia","Diabetes",-0.0201753072249421,0.992114847579573,FALSE
"Ralstonia_sp007997035","Ralstonia","Diabetes",-0.246352321488601,0.986515350770579,FALSE
"Ralstonia_sp021173085","Ralstonia","Diabetes",-0.743835357004837,0.986515350770579,FALSE
"Ralstonia_sp023955655","Ralstonia","Diabetes",0.660838313315251,0.986515350770579,FALSE
"Ralstonia_sp900115545","Ralstonia","Diabetes",-0.733239407847406,0.986515350770579,FALSE
"Ralstonia_syzygii","Ralstonia","Diabetes",-0.0149540213618881,0.992114847579573,FALSE
"Roseateles_depolymerans","Roseateles","Diabetes",-0.994019991798295,0.986515350770579,FALSE
"Roseomonas_mucosa","Roseomonas","Diabetes",-0.524380873745012,0.986515350770579,FALSE
"Rothia_aeria","Rothia","Diabetes",1.29300537057739,0.876155878710766,FALSE
"Rothia_dentocariosa","Rothia","Diabetes",-0.347746083898247,0.986515350770579,FALSE
"Rothia_mucilaginosa_B","Rothia","Diabetes",0.115572381538238,0.986515350770579,FALSE
"Rubrivivax_sp022843905","Rubrivivax","Diabetes",0.0244771544238189,0.992114847579573,FALSE
"SKLC01_sp007123425","SKLC01","Diabetes",-0.18623071392125,0.986515350770579,FALSE
"SKLC01_sp007130695","SKLC01","Diabetes",0.537978823675581,0.986515350770579,FALSE
"Salinibacter_sp913056185","Salinibacter","Diabetes",0.145333034984574,0.986515350770579,FALSE
"Salmonella_enterica","Salmonella","Diabetes",0.268605696897245,0.986515350770579,FALSE
"Sphingobium_yanoikuyae","Sphingobium","Diabetes",-0.188782685435831,0.986515350770579,FALSE
"Sphingomonas_aquatilis","Sphingomonas","Diabetes",-0.0138495205004191,0.992114847579573,FALSE
"Sphingomonas_echinoides","Sphingomonas","Diabetes",0.557715353599513,0.986515350770579,FALSE
"Sphingomonas_hankookensis_A","Sphingomonas","Diabetes",1.2385774416368,0.876155878710766,FALSE
"Sphingomonas_paucimobilis","Sphingomonas","Diabetes",-0.638601584905164,0.986515350770579,FALSE
"Sphingomonas_pseudosanguinis","Sphingomonas","Diabetes",-0.170161813916872,0.986515350770579,FALSE
"Sphingomonas_sp000797515","Sphingomonas","Diabetes",-0.397881236375596,0.986515350770579,FALSE
"Sphingomonas_sp002127225","Sphingomonas","Diabetes",-0.7190013182851,0.986515350770579,FALSE
"Sphingomonas_sp003075315","Sphingomonas","Diabetes",0.30723690428711,0.986515350770579,FALSE
"Sphingomonas_sp004341505","Sphingomonas","Diabetes",0.363398404496376,0.986515350770579,FALSE
"Sphingomonas_zeae","Sphingomonas","Diabetes",-0.0606554211643389,0.989786546984938,FALSE
"Stenotrophomonas_maltophilia_S","Stenotrophomonas","Diabetes",0.796901379414506,0.986515350770579,FALSE
"Stenotrophomonas_sepilia","Stenotrophomonas","Diabetes",-0.2633161637507,0.986515350770579,FALSE
"Stomatobaculum_longum","Stomatobaculum","Diabetes",-0.0949964083232316,0.986515350770579,FALSE
"Streptococcus_agalactiae","Streptococcus","Diabetes",-0.308537550816682,0.986515350770579,FALSE
"Streptomyces_sp004348315","Streptomyces","Diabetes",-0.526283610122666,0.986515350770579,FALSE
"Sulfuritalea_sp016235805","Sulfuritalea","Diabetes",0.312594353705689,0.986515350770579,FALSE
"Tannerella_forsythia","Tannerella","Diabetes",-0.122282278943979,0.986515350770579,FALSE
"Tannerella_serpentiformis","Tannerella","Diabetes",-0.625776343126774,0.986515350770579,FALSE
"UBA668_sp016213625","UBA668","Diabetes",-0.302922236960324,0.986515350770579,FALSE
"Variovorax_sp900115375","Variovorax","Diabetes",0.630556016405429,0.986515350770579,FALSE
"Veillonella_rogosae","Veillonella","Diabetes",-0.123207679630518,0.986515350770579,FALSE
"Veillonella_tobetsuensis","Veillonella","Diabetes",0.109262252510021,0.986515350770579,FALSE
"Winkia_sp002849225","Winkia","Diabetes",-0.322183817792602,0.986515350770579,FALSE
"Abyssibacter_profundi","Abyssibacter","KidneyDisease",-0.685669308035062,0.577302138161723,FALSE
"Acidovorax_delafieldii","Acidovorax","KidneyDisease",0.93826362377774,0.676905628278665,FALSE
"Acidovorax_facilis","Acidovorax","KidneyDisease",-0.457631868587729,0.808917968974269,FALSE
"Acidovorax_sp000302535","Acidovorax","KidneyDisease",1.26241848922481,0.566191781833979,FALSE
"Acidovorax_sp003058055","Acidovorax","KidneyDisease",1.06144212608546,0.546701584813806,FALSE
"Acidovorax_temperans","Acidovorax","KidneyDisease",1.30547253423481,0.54401213352356,FALSE
"Acinetobacter_johnsonii","Acinetobacter","KidneyDisease",2.48813878457273,0.115982913621924,FALSE
"Acinetobacter_junii","Acinetobacter","KidneyDisease",0.239851737845082,0.940174685464281,FALSE
"Acinetobacter_towneri_A","Acinetobacter","KidneyDisease",0.139514436879067,0.960139693686908,FALSE
"Actinomyces_oris","Actinomyces","KidneyDisease",-0.693253376312406,0.766556924220053,FALSE
"Aeromonas_caviae","Aeromonas","KidneyDisease",-0.332763086820585,0.767751978190609,FALSE
"Agrobacterium_pusense","Agrobacterium","KidneyDisease",0.647648559598265,0.788059710779365,FALSE
"Alcaligenes_phenolicus","Alcaligenes","KidneyDisease",0.186015736885721,0.960139693686908,FALSE
"Alistipes_sp002428825","Alistipes","KidneyDisease",-0.652930973992167,0.788059710779365,FALSE
"Alloprevotella_sp015257125","Alloprevotella","KidneyDisease",-0.780848254125748,0.17946652356059,FALSE
"Alloprevotella_sp015259235","Alloprevotella","KidneyDisease",-1.17397891777131,0.380693153212447,FALSE
"Alloprevotella_sp900095835","Alloprevotella","KidneyDisease",0.821404303004774,0.567532834522146,FALSE
"Alloprevotella_sp905369775","Alloprevotella","KidneyDisease",-0.129072392591344,0.960139693686908,FALSE
"Anaeroglobus_micronuciformis","Anaeroglobus","KidneyDisease",0.787135594219954,0.380693153212447,FALSE
"Aquabacterium_parvum","Aquabacterium","KidneyDisease",0.399619715421177,0.598259209127029,FALSE
"Atlantibacter_hermannii","Atlantibacter","KidneyDisease",-0.574089349683751,0.474272151698821,FALSE
"Bacillus_A_bombysepticus","Bacillus_A","KidneyDisease",1.75641565594822,0.066258509890233,FALSE
"Bacillus_A_toyonensis","Bacillus_A","KidneyDisease",-1.37924822527507,0.324948254604907,FALSE
"Bifidobacterium_dentium","Bifidobacterium","KidneyDisease",0.52642149134513,0.470030390480645,FALSE
"Bifidobacterium_leopoldii","Bifidobacterium","KidneyDisease",2.14986787981063,0.066258509890233,FALSE
"Bifidobacterium_swidsinskii","Bifidobacterium","KidneyDisease",1.16871311425844,0.478188034760019,FALSE
"Bifidobacterium_vaginale","Bifidobacterium","KidneyDisease",2.88801518057148,0.115982913621924,FALSE
"Brachybacterium_paraconglomeratum","Brachybacterium","KidneyDisease",-0.811135951896762,0.592343897816453,FALSE
"Bradyrhizobium_sp019748335","Bradyrhizobium","KidneyDisease",-0.65370124401706,0.512991644784071,FALSE
"Brevundimonas_sp002434505","Brevundimonas","KidneyDisease",-1.78034477936223,0.330739853636547,FALSE
"Brevundimonas_sp002484265","Brevundimonas","KidneyDisease",0.091065516741494,0.977169490160731,FALSE
"CAG_485_sp002491945","CAG_485","KidneyDisease",-0.939732080169641,0.592343897816453,FALSE
"CAG_485_sp002493045","CAG_485","KidneyDisease",-0.86405050708122,0.688197947493235,FALSE
"CAG_873_sp011959565","CAG_873","KidneyDisease",-1.1814615966493,0.52236836222831,FALSE
"CSSed11_175R1_sp003563915","CSSed11_175R1","KidneyDisease",0.818853649887984,0.581238245812977,FALSE
"CSSed11_175R1_sp007120465","CSSed11_175R1","KidneyDisease",0.9495407900088,0.252209711109534,FALSE
"CU05_9_sp943913335","CU05_9","KidneyDisease",-0.71083176544527,0.676905628278665,FALSE
"Capnocytophaga_leadbetteri","Capnocytophaga","KidneyDisease",0.795433668488306,0.546701584813806,FALSE
"Cardiobacterium_hominis","Cardiobacterium","KidneyDisease",1.09705102976384,0.125614132106717,FALSE
"Centipeda_sp015265235","Centipeda","KidneyDisease",0.724636287465426,0.474272151698821,FALSE
"Comamonas_thiooxydans","Comamonas","KidneyDisease",0.135993152413116,0.977169490160731,FALSE
"Comamonas_tsuruhatensis","Comamonas","KidneyDisease",-0.0318536716671305,0.980947751858074,FALSE
"Corynebacterium_afermentans","Corynebacterium","KidneyDisease",0.122529422974171,0.960139693686908,FALSE
"Corynebacterium_argentoratense","Corynebacterium","KidneyDisease",-0.616592032801918,0.598259209127029,FALSE
"Corynebacterium_aurimucosum_E","Corynebacterium","KidneyDisease",0.918680390799302,0.252209711109534,FALSE
"Corynebacterium_durum","Corynebacterium","KidneyDisease",0.95509703799837,0.147619213187355,FALSE
"Corynebacterium_matruchotii","Corynebacterium","KidneyDisease",0.711688523420622,0.546701584813806,FALSE
"Corynespora_cassiicola","Corynespora","KidneyDisease",0.11611433260715,0.94874984343278,FALSE
"Cryptobacteroides_sp009774765","Cryptobacteroides","KidneyDisease",-0.550906468793752,0.808917968974269,FALSE
"Curvularia_eragrostidis","Curvularia","KidneyDisease",0.290484057031969,0.925568015640691,FALSE
"Cutibacterium_acnes","Cutibacterium","KidneyDisease",0.125293777914994,0.977169490160731,FALSE
"Cutibacterium_modestum","Cutibacterium","KidneyDisease",0.668690213226169,0.365725301794474,FALSE
"Deinococcus_wulumuqiensis","Deinococcus","KidneyDisease",-0.38232337156401,0.858312708544117,FALSE
"Dermacoccus_abyssi","Dermacoccus","KidneyDisease",-0.0903622951059247,0.932561007829306,FALSE
"Dermacoccus_nishinomiyaensis","Dermacoccus","KidneyDisease",-0.603717171471214,0.689819341707117,FALSE
"Dialister_sp900541485","Dialister","KidneyDisease",-1.70084218393963,0.274870316769007,FALSE
"Diaphorobacter_nitroreducens","Diaphorobacter","KidneyDisease",0.742182118749917,0.676905628278665,FALSE
"Dietzia_cercidiphylli","Dietzia","KidneyDisease",0.100157420173567,0.9808173005607,FALSE
"Dietzia_natronolimnaea_A","Dietzia","KidneyDisease",0.597413695024252,0.581238245812977,FALSE
"Duncaniella_dubosii","Duncaniella","KidneyDisease",-0.449526334278313,0.867768552546665,FALSE
"Duncaniella_muris","Duncaniella","KidneyDisease",-0.544463131578095,0.808917968974269,FALSE
"Egicoccus_halophilus","Egicoccus","KidneyDisease",-0.25309959448083,0.865165106122522,FALSE
"Egicoccus_sp018335555","Egicoccus","KidneyDisease",2.12403903501381,0.147619213187355,FALSE
"Escherichia_coli","Escherichia","KidneyDisease",-1.4980310256044,0.676905628278665,FALSE
"Eubacterium_B_sulci","Eubacterium_B","KidneyDisease",0.603014233123355,0.715564063348484,FALSE
"Fannyhessea_vaginae","Fannyhessea","KidneyDisease",-0.21226510763885,0.960139693686908,FALSE
"Gordonia_bronchialis","Gordonia","KidneyDisease",-0.449895558079527,0.546701584813806,FALSE
"Gordonia_jacobaea","Gordonia","KidneyDisease",0.227587084316038,0.925568015640691,FALSE
"Halalkalicoccus_jeotgali","Halalkalicoccus","KidneyDisease",1.76693120926352,0.0447454875721361,TRUE
"Halalkalicoccus_sp022561895","Halalkalicoccus","KidneyDisease",0.314864959682777,0.94874984343278,FALSE
"Halalkalicoccus_subterraneus","Halalkalicoccus","KidneyDisease",0.18692446051005,0.925568015640691,FALSE
"Halioglobus_sp003646415","Halioglobus","KidneyDisease",0.443602417190797,0.788059710779365,FALSE
"Halomonas_aerodenitrificans","Halomonas","KidneyDisease",1.08648078992941,0.581238245812977,FALSE
"Halomonas_desiderata","Halomonas","KidneyDisease",-0.672670450603905,0.0942462477829324,FALSE
"Halomonas_ethanolica","Halomonas","KidneyDisease",0.319269920966243,0.903124369794992,FALSE
"Halomonas_sp003182195","Halomonas","KidneyDisease",0.338004226373711,0.912795590165787,FALSE
"Halomonas_sp003202205","Halomonas","KidneyDisease",0.0419794793723266,0.9741496446782,FALSE
"Halomonas_sp015595025","Halomonas","KidneyDisease",0.964763169442904,0.182078721645179,FALSE
"Haloplanus_salinus","Haloplanus","KidneyDisease",-0.216164905533455,0.925568015640691,FALSE
"Halorientalis_regularis","Halorientalis","KidneyDisease",-0.268885510069617,0.810266158569235,FALSE
"Herbaspirillum_huttiense","Herbaspirillum","KidneyDisease",0.918787214978827,0.252209711109534,FALSE
"JACDQM01_sp015657635","JACDQM01","KidneyDisease",-0.35944976078658,0.810266158569235,FALSE
"JAHWJY01_sp019348135","JAHWJY01","KidneyDisease",-0.293036170944025,0.925568015640691,FALSE
"Janibacter_A_massiliensis","Janibacter_A","KidneyDisease",0.112703928107294,0.97842227028621,FALSE
"Klebsiella_aerogenes","Klebsiella","KidneyDisease",-0.811944861858996,0.808917968974269,FALSE
"Klebsiella_pneumoniae","Klebsiella","KidneyDisease",1.14187684491751,0.688197947493235,FALSE
"Kocuria_palustris","Kocuria","KidneyDisease",0.833024618579815,0.581238245812977,FALSE
"Lactobacillus_crispatus","Lactobacillus","KidneyDisease",0.0491002705999873,0.9808173005607,FALSE
"Lactobacillus_gasseri","Lactobacillus","KidneyDisease",0.943197512558786,0.808917968974269,FALSE
"Lactobacillus_iners","Lactobacillus","KidneyDisease",-0.653459608098781,0.810266158569235,FALSE
"Lactobacillus_jensenii","Lactobacillus","KidneyDisease",2.27957794722172,0.365725301794474,FALSE
"Laribacter_hongkongensis","Laribacter","KidneyDisease",0.96264217040744,0.380693153212447,FALSE
"Lautropia_mirabilis","Lautropia","KidneyDisease",1.78974504338271,0.066258509890233,FALSE
"Lawsonella_clevelandensis_A","Lawsonella","KidneyDisease",0.320335396429873,0.923795167159604,FALSE
"Lawsonella_sp018376445","Lawsonella","KidneyDisease",-0.884776856519231,0.639647878470219,FALSE
"MED_G138_sp020633195","MED_G138","KidneyDisease",-1.48959787991223,0.252209711109534,FALSE
"Malassezia_furfur","Malassezia","KidneyDisease",0.0204110646491276,0.9808173005607,FALSE
"Malassezia_globosa","Malassezia","KidneyDisease",0.00641798459885751,0.997351086980198,FALSE
"Malassezia_restricta","Malassezia","KidneyDisease",-0.594719120977911,0.828282286466056,FALSE
"Metamycoplasma_hominis","Metamycoplasma","KidneyDisease",2.31316759973963,0.286661127264503,FALSE
"Methylobacterium_ajmalii","Methylobacterium","KidneyDisease",-0.725142671930106,0.581238245812977,FALSE
"Methylobacterium_aquaticum","Methylobacterium","KidneyDisease",-1.49467432224656,0.115982913621924,FALSE
"Methylobacterium_jeotgali","Methylobacterium","KidneyDisease",0.955912138269573,0.512991644784071,FALSE
"Methylobacterium_rhodesianum","Methylobacterium","KidneyDisease",0.329801874473587,0.912795590165787,FALSE
"Methyloversatilis_discipulorum_A","Methyloversatilis","KidneyDisease",-0.550565350065616,0.567532834522146,FALSE
"Methyloversatilis_universalis","Methyloversatilis","KidneyDisease",-0.151442707393616,0.977169490160731,FALSE
"Methyloversatilis_universalis_A","Methyloversatilis","KidneyDisease",0.169866186004234,0.94874984343278,FALSE
"Micrococcus_luteus","Micrococcus","KidneyDisease",0.267187516465112,0.960139693686908,FALSE
"Micrococcus_sp020097155","Micrococcus","KidneyDisease",1.48220237100978,0.115982913621924,FALSE
"Mixta_calida","Mixta","KidneyDisease",-0.568307110930475,0.512991644784071,FALSE
"Mogibacterium_diversum","Mogibacterium","KidneyDisease",0.738806154693974,0.491875689605568,FALSE
"Moraxella_A_cinereus","Moraxella_A","KidneyDisease",-0.798903966056456,0.808917968974269,FALSE
"Moraxella_A_osloensis","Moraxella_A","KidneyDisease",-0.780502593325964,0.715564063348484,FALSE
"Muribaculum_arabinoxylanisolvens","Muribaculum","KidneyDisease",-1.81735712577466,0.318730782336851,FALSE
"Muribaculum_gordoncarteri","Muribaculum","KidneyDisease",-0.269811826027531,0.925568015640691,FALSE
"Muribaculum_intestinale","Muribaculum","KidneyDisease",-0.583411328031453,0.808917968974269,FALSE
"Mycobacterium_bacteremicum","Mycobacterium","KidneyDisease",-0.622505884865459,0.460585077611558,FALSE
"Neisseria_elongata","Neisseria","KidneyDisease",1.15591161370376,0.474272151698821,FALSE
"Neisseria_flavescens_B","Neisseria","KidneyDisease",1.09313498576673,0.592343897816453,FALSE
"Neisseria_sp000090875","Neisseria","KidneyDisease",0.515081495130352,0.380693153212447,FALSE
"Neisseria_sp000186165","Neisseria","KidneyDisease",0.275524115877249,0.930838429754924,FALSE
"Neisseria_subflava","Neisseria","KidneyDisease",0.442385807716159,0.828282286466056,FALSE
"Nesterenkonia_alba","Nesterenkonia","KidneyDisease",0.57502995950659,0.52236836222831,FALSE
"Nesterenkonia_alkaliphila","Nesterenkonia","KidneyDisease",-0.973559572703333,0.512991644784071,FALSE
"Nesterenkonia_cremea","Nesterenkonia","KidneyDisease",1.49546411215901,0.512991644784071,FALSE
"Nesterenkonia_lacusekhoensis","Nesterenkonia","KidneyDisease",-0.133154760545972,0.979822111634498,FALSE
"Nesterenkonia_massiliensis","Nesterenkonia","KidneyDisease",-0.0380500577294127,0.982110605153023,FALSE
"Nesterenkonia_salmonea","Nesterenkonia","KidneyDisease",-1.81584979829403,0.365725301794474,FALSE
"Nesterenkonia_sandarakina_A","Nesterenkonia","KidneyDisease",0.711619703270953,0.330739853636547,FALSE
"Nesterenkonia_sedimenti","Nesterenkonia","KidneyDisease",-0.829865101627719,0.115982913621924,FALSE
"Nesterenkonia_sphaerica","Nesterenkonia","KidneyDisease",-0.45968919497518,0.252209711109534,FALSE
"Nitriliruptor_alkaliphilus","Nitriliruptor","KidneyDisease",0.472890937001707,0.808917968974269,FALSE
"Nocardioides_sp021166815","Nocardioides","KidneyDisease",0.381688718678554,0.828282286466056,FALSE
"Nocardiopsis_salina","Nocardiopsis","KidneyDisease",-0.12256645540974,0.977169490160731,FALSE
"PUIC01_sp017418605","PUIC01","KidneyDisease",-0.559799709096852,0.115982913621924,FALSE
"PWLR01_sp020832455","PWLR01","KidneyDisease",-0.211254767312519,0.940174685464281,FALSE
"Pandoraea_nosoerga","Pandoraea","KidneyDisease",0.712005296143996,0.336129202895574,FALSE
"Paracoccus_aeridis","Paracoccus","KidneyDisease",-0.0465567916974412,0.9808173005607,FALSE
"Paracoccus_marcusii","Paracoccus","KidneyDisease",-0.216319901840542,0.960139693686908,FALSE
"Paracoccus_marinus","Paracoccus","KidneyDisease",-0.887547891095378,0.54401213352356,FALSE
"Paracoccus_salipaludis","Paracoccus","KidneyDisease",0.0825988051492351,0.977169490160731,FALSE
"Paracoccus_sphaerophysae","Paracoccus","KidneyDisease",1.11237456959076,0.124186317286547,FALSE
"Paramuribaculum_intestinale","Paramuribaculum","KidneyDisease",-0.871773465989905,0.676905628278665,FALSE
"Pauljensenia_bouchesdurhonensis","Pauljensenia","KidneyDisease",0.837995545597238,0.254520046234334,FALSE
"Pauljensenia_sp000278725","Pauljensenia","KidneyDisease",0.209999291739452,0.94874984343278,FALSE
"Pauljensenia_sp000466265","Pauljensenia","KidneyDisease",0.251632762324708,0.925568015640691,FALSE
"Pauljensenia_sp001838165","Pauljensenia","KidneyDisease",0.0719018816116662,0.97842227028621,FALSE
"Pauljensenia_sp019425105","Pauljensenia","KidneyDisease",0.831482826327811,0.252209711109534,FALSE
"Pauljensenia_sp902373545","Pauljensenia","KidneyDisease",-0.00201089715259833,0.997351086980198,FALSE
"Pelomonas_puraquae","Pelomonas","KidneyDisease",-0.100880177951229,0.912795590165787,FALSE
"Pelomonas_sp003963005","Pelomonas","KidneyDisease",1.5863954484682,0.30719603666046,FALSE
"Pelomonas_sp021738245","Pelomonas","KidneyDisease",2.00698196702987,0.254520046234334,FALSE
"Phreatobacter_oligotrophus","Phreatobacter","KidneyDisease",-0.0708912323857701,0.9808173005607,FALSE
"Phytobacter_diazotrophicus","Phytobacter","KidneyDisease",-0.389873693499248,0.592343897816453,FALSE
"Porphyromonas_endodontalis","Porphyromonas","KidneyDisease",0.137142451163205,0.960139693686908,FALSE
"Porphyromonas_gingivalis","Porphyromonas","KidneyDisease",0.467323838776805,0.731824848242415,FALSE
"Porphyromonas_pasteri","Porphyromonas","KidneyDisease",-0.00872480430454436,0.996684338096032,FALSE
"Prevotella_aurantiaca","Prevotella","KidneyDisease",-0.233717077567314,0.925568015640691,FALSE
"Prevotella_bivia","Prevotella","KidneyDisease",1.77875497398877,0.286661127264503,FALSE
"Prevotella_corporis","Prevotella","KidneyDisease",-0.0312962481170104,0.982110605153023,FALSE
"Prevotella_histicola","Prevotella","KidneyDisease",1.54208594211825,0.254520046234334,FALSE
"Prevotella_intermedia","Prevotella","KidneyDisease",0.699430358864255,0.474272151698821,FALSE
"Prevotella_jejuni","Prevotella","KidneyDisease",0.769205652255174,0.474272151698821,FALSE
"Prevotella_melaninogenica","Prevotella","KidneyDisease",0.318789862524742,0.925568015640691,FALSE
"Prevotella_melaninogenica_A","Prevotella","KidneyDisease",0.462292870132543,0.808917968974269,FALSE
"Prevotella_nanceiensis","Prevotella","KidneyDisease",-0.436883551256038,0.689819341707117,FALSE
"Prevotella_oris","Prevotella","KidneyDisease",-0.318279526433993,0.84075547619351,FALSE
"Prevotella_pallens","Prevotella","KidneyDisease",-0.735810380566844,0.567532834522146,FALSE
"Prevotella_salivae","Prevotella","KidneyDisease",1.01437863369,0.30719603666046,FALSE
"Prevotella_shahii","Prevotella","KidneyDisease",-0.747892356337337,0.592343897816453,FALSE
"Prevotella_sp013333285","Prevotella","KidneyDisease",-0.640081525567603,0.64357574454314,FALSE
"Prevotella_sp905372445","Prevotella","KidneyDisease",-0.385206522722686,0.828282286466056,FALSE
"Prevotella_timonensis","Prevotella","KidneyDisease",-0.48811694060504,0.91053948588241,FALSE
"Prevotella_timonensis_A","Prevotella","KidneyDisease",-0.0875025045915598,0.9808173005607,FALSE
"Prevotella_vespertina","Prevotella","KidneyDisease",0.123901232393093,0.977169490160731,FALSE
"Pseudoclavibacter_B_triregionum","Pseudoclavibacter_B","KidneyDisease",-1.17804330636893,0.546701584813806,FALSE
"Pseudomonas_E_fluorescens_E","Pseudomonas_E","KidneyDisease",-0.34795992198963,0.812119148726587,FALSE
"Pseudomonas_E_iridis","Pseudomonas_E","KidneyDisease",-1.08761583994893,0.270634142165028,FALSE
"Pseudomonas_E_juntendi","Pseudomonas_E","KidneyDisease",-0.871951605946534,0.324948254604907,FALSE
"Pseudomonas_E_putida","Pseudomonas_E","KidneyDisease",-0.0596672162982651,0.9808173005607,FALSE
"Pseudomonas_aeruginosa","Pseudomonas","KidneyDisease",-0.0533619777649761,0.9808173005607,FALSE
"Pseudonocardia_ammonioxydans","Pseudonocardia","KidneyDisease",0.703206779695001,0.474272151698821,FALSE
"Puia_sp001898505","Puia","KidneyDisease",0.45591306016284,0.828282286466056,FALSE
"Ralstonia_insidiosa","Ralstonia","KidneyDisease",1.66672304370737,0.216866225310678,FALSE
"Ralstonia_mannitolilytica","Ralstonia","KidneyDisease",0.648354121857215,0.788059710779365,FALSE
"Ralstonia_pickettii","Ralstonia","KidneyDisease",-0.542080038450318,0.215576359397167,FALSE
"Ralstonia_pickettii_B","Ralstonia","KidneyDisease",0.0875816950242878,0.9808173005607,FALSE
"Ralstonia_sp000620465","Ralstonia","KidneyDisease",0.327059614052095,0.903124369794992,FALSE
"Ralstonia_sp000801955","Ralstonia","KidneyDisease",-0.170525990308265,0.940174685464281,FALSE
"Ralstonia_sp001078575","Ralstonia","KidneyDisease",0.0303705712846993,0.9808173005607,FALSE
"Ralstonia_sp007997035","Ralstonia","KidneyDisease",0.717178589432507,0.808917968974269,FALSE
"Ralstonia_sp021173085","Ralstonia","KidneyDisease",-0.359359871789264,0.925568015640691,FALSE
"Ralstonia_sp023955655","Ralstonia","KidneyDisease",-0.113990492727893,0.977169490160731,FALSE
"Ralstonia_sp900115545","Ralstonia","KidneyDisease",0.185674771897163,0.960139693686908,FALSE
"Ralstonia_syzygii","Ralstonia","KidneyDisease",0.133994662437066,0.940174685464281,FALSE
"Roseateles_depolymerans","Roseateles","KidneyDisease",-0.507405409908587,0.828282286466056,FALSE
"Roseomonas_mucosa","Roseomonas","KidneyDisease",-0.737099008970026,0.546701584813806,FALSE
"Rothia_aeria","Rothia","KidneyDisease",1.81008006210523,0.0447454875721361,TRUE
"Rothia_dentocariosa","Rothia","KidneyDisease",0.0512753307583795,0.9808173005607,FALSE
"Rothia_mucilaginosa_B","Rothia","KidneyDisease",0.570641391030496,0.567532834522146,FALSE
"Rubrivivax_sp022843905","Rubrivivax","KidneyDisease",0.125117833377414,0.960139693686908,FALSE
"SKLC01_sp007123425","SKLC01","KidneyDisease",0.405820722757453,0.925568015640691,FALSE
"SKLC01_sp007130695","SKLC01","KidneyDisease",-0.989028932938893,0.621094112009387,FALSE
"Salinibacter_sp913056185","Salinibacter","KidneyDisease",-0.227712540702171,0.808917968974269,FALSE
"Salmonella_enterica","Salmonella","KidneyDisease",0.0577780832971264,0.9808173005607,FALSE
"Sphingobium_yanoikuyae","Sphingobium","KidneyDisease",0.18648003668772,0.865165106122522,FALSE
"Sphingomonas_aquatilis","Sphingomonas","KidneyDisease",-1.45709265686163,0.066258509890233,FALSE
"Sphingomonas_echinoides","Sphingomonas","KidneyDisease",0.413924672685771,0.84263887813833,FALSE
"Sphingomonas_hankookensis_A","Sphingomonas","KidneyDisease",-0.376201863928038,0.865579869043471,FALSE
"Sphingomonas_paucimobilis","Sphingomonas","KidneyDisease",1.49139527430579,0.503050096271661,FALSE
"Sphingomonas_pseudosanguinis","Sphingomonas","KidneyDisease",-0.538470119018767,0.810266158569235,FALSE
"Sphingomonas_sp000797515","Sphingomonas","KidneyDisease",1.64182384303144,0.30719603666046,FALSE
"Sphingomonas_sp002127225","Sphingomonas","KidneyDisease",0.800287881347351,0.45581985501344,FALSE
"Sphingomonas_sp003075315","Sphingomonas","KidneyDisease",-0.502348886415118,0.601351376991504,FALSE
"Sphingomonas_sp004341505","Sphingomonas","KidneyDisease",0.41937759593373,0.808917968974269,FALSE
"Sphingomonas_zeae","Sphingomonas","KidneyDisease",2.15971997270657,0.0447454875721361,TRUE
"Stenotrophomonas_maltophilia_S","Stenotrophomonas","KidneyDisease",0.167152337356861,0.960139693686908,FALSE
"Stenotrophomonas_sepilia","Stenotrophomonas","KidneyDisease",-0.978070861554834,0.512991644784071,FALSE
"Stomatobaculum_longum","Stomatobaculum","KidneyDisease",0.601379927042387,0.286661127264503,FALSE
"Streptococcus_agalactiae","Streptococcus","KidneyDisease",5.14440293281016,0.00300984214695747,TRUE
"Streptomyces_sp004348315","Streptomyces","KidneyDisease",0.281686480761469,0.808917968974269,FALSE
"Sulfuritalea_sp016235805","Sulfuritalea","KidneyDisease",0.125899784200206,0.960139693686908,FALSE
"Tannerella_forsythia","Tannerella","KidneyDisease",0.950526795164627,0.162850956736424,FALSE
"Tannerella_serpentiformis","Tannerella","KidneyDisease",0.841560670853008,0.30719603666046,FALSE
"UBA668_sp016213625","UBA668","KidneyDisease",-0.955338727908975,0.581238245812977,FALSE
"Variovorax_sp900115375","Variovorax","KidneyDisease",-1.03732075144772,0.566191781833979,FALSE
"Veillonella_rogosae","Veillonella","KidneyDisease",0.990782574962869,0.252209711109534,FALSE
"Veillonella_tobetsuensis","Veillonella","KidneyDisease",0.805389362172977,0.30719603666046,FALSE
"Winkia_sp002849225","Winkia","KidneyDisease",-0.935636831133824,0.546701584813806,FALSE
